followers,followings,tweets_count,tweets_likes,replies_count,replies_likes,retweets_count,retweets_with_comment_count,retweets_with_comment_likes,retweeteds,replieds
1,0,1,0,0,0,0,0,0,0,0
1,44,1,0,2,0,0,0,0,0,0
67,61,2,1,0,0,0,0,0,0,0
2,2,24,27,1,0,80,0,0,121,2
9,10,5,1,1,1,227,0,0,122,2
5,11,15,1,12,0,142,0,0,185,9
4,0,8,0,37,2,78,0,0,61,0
10,0,12,6,31,4,111,0,0,338,5
6,9,46,1,11,1,52,0,0,132,2
18,83,3,0,8,1,216,0,0,133,1
3,7,1,0,0,0,125,0,0,5,0
8,6,4,0,5,0,332,0,0,88,3
7,8,1,0,0,0,303,0,0,15,0
13,15,19,0,3,5,346,0,0,84,3
83,227,4,2,37,5,146,0,0,123,2
13,0,10,0,5,1,327,0,0,137,8
7,19,1,0,0,0,174,0,0,2,0
6,8,2,1,6,3,300,3,0,440,7
2,3,9,0,0,0,123,0,0,12,0
129,220,13,110,1,0,0,0,0,11,0
4,4,8,0,0,0,161,1,0,122,0
2,5,1,0,69,7,23,0,0,17,0
1,6,19,12,1,0,81,0,0,19,0
9,8,3,2,1,0,171,0,0,16,0
4,8,2,0,0,0,321,2,1,9,0
1,0,13,18,41,8,38,12,8,47,0
6,0,13,5,31,24,76,0,0,35,3
6,17,4,1,16,6,168,1,0,314,2
4,24,1,0,0,0,139,0,0,6,0
4,0,2,7,0,0,0,0,0,2,0
2,0,12,0,19,2,88,1,0,18,0
75,151,11,1,79,3,12,0,0,25,0
1,53,1,0,0,0,0,0,0,0,0
167,266,3,32,2,3,1,0,0,3,2
5,57,2,0,24,24,2,0,0,3,2
6,68,1,0,99,44,7,2,0,1,16
132,92,10,115,50,72,104,1,1,37,11
1,2,13,3,8,2,114,0,0,38,1
5,25,5,65,7,8,0,0,0,1,0
407,1336,9,147,17,15,10,0,0,8,7
62,133,8,149,10,5,5,0,0,7,1
17,196,23,21,0,0,4,1,3,3,0
5,6,2,5,0,0,2,0,0,2,1
31,26,11,244,2,27,307,0,0,90,0
232,455,7,412,44,69,68,13,27,63,16
176,229,43,180,40,33,15,11,25,16,20
86,207,19,88,14,14,6,0,0,9,1
7,10,2,3,1,0,3,0,0,0,0
67,63,36,373,62,67,18,3,28,9,24
193,470,18,80,32,100,2511,0,0,3017,26
520,879,14,238,28,27,27,1,4,2,3
9,31,3,72,4,3,1,0,0,3,0
120,334,4,53,0,0,107,0,0,158,0
10,27,22,23,26,16,6,1,1,3,1
37,10,31,384,21,34,159,22,40,84,12
109,87,26,182,30,60,1,0,0,6,5
479,1504,31,284,72,49,7,0,0,25,4
43,4,6,36,88,160,9,0,0,2,9
35,32,10,175,28,63,2,6,84,20,5
7,0,6,32,2,4,4,0,0,12,0
4,4,2,0,2,0,0,0,0,0,0
4,6,4,0,21,13,76,0,0,18,0
59,301,34,95,2,3,10,3,5,20,2
25,24,5,39,4,3,0,0,0,4,0
15,0,6,11,1,1,2,0,0,1,1
24,31,9,45,0,0,24,0,0,10,0
676,1307,75,255,0,0,57,0,0,112,2
138,0,48,304,94,101,0,0,0,38,27
223,227,17,491,40,52,25,8,12,25,6
105,344,10,217,25,19,35,14,27,22,2
55,32,17,305,67,131,13,6,17,17,25
502,470,44,359,33,24,29,1,3,12,6
82,84,6,141,21,82,82,0,0,27,5
97,101,7,174,35,61,38,0,0,20,5
16,15,16,68,0,0,102,0,0,19,5
195,179,1,0,1,1,119,0,0,5,0
226,401,8,92,0,0,393,6,8,58,5
13,1,8,9,2,1,2,1,1,0,1
3,6,8,11,2,2,2,0,0,1,2
53,59,10,69,83,175,7,2,1,37,5
12,0,7,17,3,4,0,0,0,3,2
15,162,5,11,0,0,0,0,0,1,0
13,7,24,1,0,0,126,0,0,63,0
132,273,30,574,5,2,28,0,0,435,5
94,0,10,85,24,33,13,0,0,3,2
6,4,11,2,3,2,1,0,0,1,3
119,167,2,50,0,0,8,2,0,5,3
2,0,2,2,1,0,0,0,0,0,0
11,1,5,89,4,5,11,1,1,14,1
492,2541,25,64,14,5,15,11,5,6,3
44,135,55,43,0,0,32,1,1,7,1
157,374,43,173,0,0,25,1,1,59,0
13,9,87,90,1,1,3,12,6,12,1
104,1056,43,109,0,0,23,1,1,17,0
180,1002,44,216,0,0,23,1,0,20,0
6,11,1,0,0,0,0,0,0,0,0
39,20,67,76,2,1,26,6,4,9,0
35,20,18,80,82,77,16,2,5,1,10
44,6,17,207,25,26,478,0,0,116,16
2,1,9,8,1,1,0,0,0,1,0
41,241,11,159,5,5,2,0,0,15,2
485,1322,33,593,54,50,8,3,3,16,7
6,18,3,5,2,1,0,0,0,1,1
647,2378,12,232,15,16,259,0,0,248,12
83,246,18,62,25,16,62,3,1,1,1
4,0,17,11,10,3,39,0,0,2,0
475,1533,13,104,0,0,0,0,0,15,0
1190,1170,47,675,19,278,25,1,3,0,1
567,580,4,31,38,71,88,1,0,4,2
10,10,8,174,1,1,154,0,0,128,2
6,7,6,9,21,32,0,0,0,1,4
57,76,32,892,4,2,2,64,19,36,3
64,0,29,157,24,38,54,0,0,15,5
8,0,8,143,0,0,14,0,0,12,2
1293,1285,27,8089,78,70,127,4,0,123,105
1,0,1,0,0,0,0,0,0,0,0
123,134,27,827,12,10,158,9,16,349,23
62,65,61,507,5,5,21,0,0,150,0
72,183,50,78,12,10,44,14,10,9,1
32,15,12,268,1,1,56,0,0,55,3
138,353,36,243,13,193,4658,18,49,7725,16
821,2535,19,180,0,0,1,0,0,3,0
552,525,43,1098,105,116,11,5,76,49,89
48,58,4,25,0,0,105,0,0,168,0
663,652,18,657,114,142,120,13,9,34,148
111,174,8,25,1,1,418,0,0,765,0
46,70,2,5,0,0,140,0,0,59,0
2,16,3,0,13,7,4,8,1,0,1
30,54,4,87,4,1,32,0,0,40,0
39,0,23,818,8,9,19,0,0,57,8
26,26,9,209,0,0,81,0,0,104,0
75,113,12,216,10,12,348,2,1,115,0
919,2341,5,109,29,79,10,2,0,14,3
61,125,7,89,51,102,149,30,45,43,36
119,123,11,40,90,117,9,2,2,5,21
2729,62,43,14103,10,149,0,1,163,24,29
14,0,3,4,0,0,0,0,0,1,0
283,495,19,343,77,114,11,11,17,38,13
800,1536,13,378,40,61,218,0,0,124,18
47,51,26,575,29,42,2,1,0,3,11
121,88,1,0,30,36,71,0,0,37,10
8,11,3,3,0,0,11,0,0,1,0
30,46,32,295,2,2,45,0,0,60,0
337,464,4,36,6,7,65,0,0,4,0
11,16,4,11,1,1,0,0,0,1,4
12,20,1,0,0,0,235,0,0,97,0
48,40,1,0,0,0,479,0,0,120,0
379,1147,15,231,61,65,24,2,4,1,1
126,225,1,0,0,0,17,2,4,2,0
9,14,15,82,1,0,4,0,0,27,0
43,34,21,223,60,156,79,33,57,36,11
85,115,66,1156,2,0,74,3,36,574,1
710,1071,10,21,4,1,89,0,0,3,0
336,552,29,447,61,117,9,0,0,8,10
120,236,26,311,5,10,95,1,1,447,2
6,0,1,0,1,0,123,0,0,79,0
40,146,35,6,67,53,0,0,0,2,0
48,44,4,20,3,3,1,0,0,4,0
106,326,14,27,4,3,100,0,0,8,0
121,86,32,985,56,66,9,0,0,124,13
5,17,3,1,0,0,4,0,0,1,0
55,7,4,53,15,11,1,0,0,7,0
28,75,4,6,0,0,43,1,0,6,0
330,351,13,408,0,0,0,0,0,3,0
95,306,8,19,2,2,11,0,0,1,0
713,2878,29,212,1,3,6,0,0,38,0
28,18,3,34,29,22,7,4,39,3,0
207,295,7,170,69,62,58,3,14,15,9
1,2,1,0,0,0,0,0,0,0,0
34,53,3,23,5,2,38,0,0,3,0
12,0,8,4,20,14,5,0,0,1,2
574,894,16,327,17,13,82,1,7,12,2
5,0,1,0,0,0,111,0,0,6,0
49,128,2,1,61,77,87,1,1,1,8
283,537,15,559,14,31,262,0,0,202,16
356,1213,14,49,0,0,0,0,0,1,1
4,2,1,0,0,0,3,0,0,0,0
4,33,4,0,33,56,1,3,5,1,7
6,29,1,0,6,1,190,2,0,158,1
36,125,8,1,19,4,129,0,0,22,12
7,11,1,0,11,11,190,0,0,69,0
39,42,13,186,27,18,14,1,1,0,18
11,20,1,0,0,0,198,0,0,122,0
42,1,31,222,1,3,2,0,0,6,1
2,11,1,0,5,0,2,5,0,1,0
10,0,11,0,14,1,111,0,0,80,16
6,27,5,9,8,1,1,0,0,1,0
17,18,34,23,6,0,35,4,2,4,0
45,76,4,6,82,95,19,3,1,4,1
7,8,4,13,1,0,5,0,0,0,0
77,117,50,232,36,42,33,3,4,3,7
1306,1210,62,4541,35,52,70,5,86,266,35
42,65,3,2,1,1,444,1,0,15,0
10,20,1,0,0,0,231,0,0,151,0
9,1,21,0,1,0,590,0,0,165,2
5,35,4,3,39,47,8,0,0,0,8
15,4,6,30,1,2,3,0,0,9,2
4,5,6,2,0,0,528,0,0,6,0
2,0,1,0,0,0,181,0,0,28,0
10,50,12,0,0,0,296,0,0,15,0
13,36,22,21,58,55,19,3,12,3,11
6,0,1,0,11,3,110,0,0,28,0
6,3,13,33,0,0,265,0,0,98,2
5,0,3,0,0,0,261,0,0,122,2
6,12,1,0,0,0,0,0,0,0,0
1,0,32,0,10,0,85,0,0,30,0
5,22,1,0,3,0,215,0,0,233,0
293,726,3,3,3,2,148,0,0,7,0
6,13,1,0,24,1,269,0,0,237,1
140,106,30,308,6,5,4,0,0,33,13
14,53,14,283,52,102,107,7,3,17,6
5,11,1,0,0,0,111,0,0,1,0
20,40,4,1,31,33,0,0,0,1,3
26,29,38,50,24,23,42,0,0,11,1
517,567,7,51,85,154,17,14,157,32,15
1,13,2,0,0,0,103,0,0,3,0
1036,934,33,3368,88,96,21,6,0,227,273
98,176,8,205,2,3,22,1,8,69,1
47,150,20,50,29,21,2,1,7,1,5
75,83,2,25,1,0,42,0,0,6,0
5,0,9,37,2,2,0,0,0,2,1
1639,2591,68,7742,71,91,24,0,0,281,51
343,270,7,264,36,27,0,1,30,13,0
15,23,2,0,7,2,209,2,0,0,0
696,1588,35,907,48,43,6,1,1,30,13
97,106,10,165,22,18,9,0,0,11,3
129,382,14,25,0,0,0,0,0,0,0
74,13,24,85,49,41,9,0,0,8,3
483,805,13,185,84,86,8,9,51,7,15
142,163,15,735,19,18,39,0,0,25,10
1,3,2,2,0,0,4,0,0,2,0
235,1088,101,54,0,0,0,0,0,2,1
125,224,28,586,63,85,9,10,74,10,24
64,128,2,10,4,1,140,0,0,1,0
19,13,4,16,1,2,97,0,0,26,1
93,83,39,75,37,38,53,1,0,3,6
1643,1778,87,1765,14,13,0,0,0,0,0
2,0,8,8,0,0,0,0,0,3,0
107,49,23,324,9,14,2,0,0,20,11
27,44,6,23,2,1,4,3,1,5,0
15,29,1,0,0,0,172,2,0,0,0
229,105,66,685,35,41,0,0,0,4,8
234,266,8,177,58,51,46,5,6,5,21
1,0,6,18,0,0,11,0,0,10,0
14,43,21,54,24,9,29,1,0,17,2
648,617,29,274,6,3,7,0,0,4,2
75,162,31,89,28,39,41,1,1,2,0
1095,1100,30,803,68,74,4,2,22,5,4
88,128,13,33,93,114,24,0,0,30,43
74,82,15,99,34,54,0,52,164,131,3
90,146,13,80,75,74,12,3,21,2,6
852,1198,18,2937,173,1795,19,21,134,179,85
18,86,5,36,0,0,0,0,0,9,0
145,347,36,309,3,7,241,0,0,114,0
6,8,60,77,36,20,10,0,0,11,15
75,128,7,97,2,3,84,3,4,38,1
11,21,3,1,76,10,18,16,3,13,17
2,0,2,0,37,23,2,0,0,2,1
17,3,6,21,3,6,5,0,0,33,5
6,0,26,112,0,0,0,0,0,1,0
10,25,7,5,1,1,30,0,0,3,0
22,30,22,67,57,20,81,0,0,11,2
357,476,82,1481,13,10,261,33,179,220,81
65,69,7,148,11,7,2,0,0,2,1
1411,1699,29,3562,91,123,13,0,0,43,76
673,666,26,461,84,173,8,4,22,12,35
1,0,1,0,0,0,107,0,0,67,0
25,82,11,101,27,18,33,11,28,5,1
57,42,20,169,49,37,2,29,22,32,53
7,3,12,16,1,1,0,0,0,2,0
5,0,26,18,31,28,21,12,8,0,31
817,749,36,1238,77,89,1,1,2,94,18
988,808,38,3864,79,98,115,0,0,49,92
1,36,1,0,1,2,0,0,0,0,0
440,436,109,2815,84,85,3,1,9,63,164
30,0,1,0,0,0,257,0,0,12,1
164,314,4,68,0,0,593,0,0,182,0
1,0,1,0,0,0,0,0,0,0,0
2,37,5,0,85,13,0,0,0,1,0
171,341,53,264,0,0,199,0,0,476,2
24,153,21,90,11,19,1,1,0,2,0
7,0,10,174,1,1,0,0,0,3,0
4,15,4,3,0,0,301,0,0,57,0
557,561,27,1506,84,82,2,6,48,8,62
58,433,8,21,23,26,51,1,18,1,7
68,68,3,155,3,2,0,0,0,13,1
2,34,5,6,3,1,2,0,0,1,0
93,158,15,28,39,72,162,10,24,30,8
9,56,2,0,0,0,0,0,0,0,0
37,0,2,31,1,1,118,0,0,13,0
7,4,27,51,2,2,26,1,0,44,0
9,18,1,0,4,6,0,1,0,1,0
903,894,96,10012,133,160,185,9,196,642,364
433,627,19,1164,2,30,1,0,0,38,1
60,95,5,6,5,5,13,0,0,1,0
325,392,11,358,0,0,151,0,0,23,1
3,22,1,0,1,0,1,1,0,1,0
3,5,1,0,0,0,0,0,0,1,0
9,15,2,2,0,0,100,0,0,9,0
647,1233,18,25,73,59,37,10,30,17,5
79,285,2,13,1,3,0,0,0,2,1
579,766,17,898,66,105,35,1,31,13,18
253,449,9,81,11,15,1,5,51,16,0
8,1,3,308,0,0,1,0,0,72,1
4,13,3,21,2,13,20,0,0,19,1
4,12,37,40,6,4,6,1,1,6,3
294,492,22,87,70,51,10,11,14,5,18
674,534,38,1779,2,53,220,1,0,555,20
18,17,13,67,0,0,4,0,0,20,0
1274,3259,16,690,32,66,32,0,0,41,6
72,140,22,182,54,53,8,0,0,4,5
35,42,6,31,0,0,13,0,0,4,0
6,24,2,4,1,1,0,0,0,1,0
9,3,5,63,0,0,19,0,0,18,0
2,1,9,24,0,0,1,0,0,4,0
56,200,1,0,1,0,211,4,0,1,0
2,0,30,22,0,0,23,0,0,1,0
30,45,56,91,0,0,55,0,0,146,0
1113,1399,26,500,19,41,141,8,19,46,7
10,30,9,21,6,2,2,0,0,3,6
6,32,1,0,100,26,0,0,0,2,1
39,100,2,0,79,89,1,0,0,3,1
115,211,18,158,80,120,7,13,3,34,7
1,1,2,0,0,0,1,0,0,1,0
2,3,21,4,13,5,15,0,0,4,0
231,322,84,835,19,26,5,11,22,97,6
95,108,13,414,38,27,26,6,3,9,10
7,15,13,127,0,0,3,0,0,6,2
3,6,5,0,34,1,1,0,0,1,0
65,195,20,233,7,22,13,0,0,3,4
1,2,3,3,0,0,2,0,0,4,0
116,556,7,37,27,92,7,0,0,3,0
43,61,31,43,0,0,27,0,0,16,0
5,10,20,104,20,50,81,1,4,48,3
23,54,3,2,20,12,1,0,0,1,0
2,16,1,0,3,4,0,0,0,0,0
5,39,4,4,1,0,76,0,0,3,0
95,188,3,3,0,0,58,238,482,98,6
22,18,2,49,100,74,7,2,0,0,50
296,710,16,220,23,13,4,0,0,12,1
14,41,8,21,40,56,7,0,0,7,3
18,134,3,7,1,1,3,0,0,1,0
11,41,10,8,9,9,4,0,0,1,1
380,761,10,69,0,0,439,0,0,519,4
8,19,11,12,75,36,22,1,0,1,2
20,138,22,29,27,16,32,0,0,13,1
5,4,3,9,3,2,0,2,1,2,0
57,177,1,0,33,273,466,2,0,3,6
88,340,3,11,2,1,0,0,0,4,0
28,28,3,25,0,0,15,0,0,2,0
23,40,12,35,21,30,76,0,0,9,4
346,1075,2,42,0,0,1386,0,0,20,1
29,74,7,9,84,82,1,0,0,2,1
57,472,31,38,0,0,52,6,5,33,0
57,66,4,69,2,2,48,0,0,7,0
1,0,18,3,0,0,0,0,0,15,0
31,71,8,5,7,13,72,33,23,4,1
9,0,16,111,0,0,112,0,0,52,0
4,0,7,2,0,0,1,0,0,1,0
4,7,3,1,3,1,2,0,0,1,0
185,872,8,3,60,67,21,1,0,1,5
71,38,5,57,0,0,419,0,0,19,1
108,125,12,436,15,15,3,0,0,17,1
3,0,5,4,37,10,0,4,12,4,0
1009,1811,13,466,6,6,195,0,0,1785,0
676,801,40,6013,105,123,49,2,21,374,200
22,62,19,37,17,13,44,32,26,10,2
144,291,4,34,15,35,124,0,0,4,3
632,630,25,734,14,12,238,13,5,58,34
102,78,18,95,32,41,21,0,0,2,0
42,74,8,65,0,0,9,20,79,25,0
1591,480,20,1197,21,25,48,12,327,3,2
9,2,19,35,15,12,2,0,0,2,2
27,41,26,147,3,8,19,0,0,31,2
42,0,9,199,18,21,71,4,5,6,0
236,589,29,92,5,5,10,0,0,55,1
217,216,1,0,44,169,177,4,30,128,58
31,41,20,192,2,5,4,1,4,64,1
96,0,2,21,0,0,4,0,0,2,0
43,75,33,267,1,3,21,0,0,44,0
74,126,30,371,78,207,19,66,610,60,193
11,135,13,3,4,0,9,2,0,1,2
634,647,31,1837,175,520,459,175,502,1262,241
55,136,22,27,4,0,0,0,0,1,4
31,91,1,0,0,0,180,0,0,15,0
865,1127,50,930,20,52,42,1,5,304,4
27,139,3,7,2,3,22,0,0,2,0
204,242,18,591,4,3,126,0,0,9,1
17,58,3,2,35,53,0,0,0,3,0
82,117,61,255,10,8,13,0,0,51,2
21,20,3,86,1,6,384,0,0,33,3
76,78,5,62,90,94,6,5,4,2,28
191,180,6,167,0,0,4,0,0,7,0
6,11,15,0,38,13,3,0,0,1,0
272,246,9,76,83,60,51,0,0,4,41
443,1119,14,93,61,88,31,0,0,24,3
119,0,10,77,0,0,0,0,0,1,1
18,2,2,0,92,75,13,1,1,0,24
17,53,24,154,7,6,7,0,0,4,2
329,365,16,147,45,42,51,20,49,9,16
23,11,127,144,18,3,14,1,0,6,0
2,511,9,22,0,0,21,0,0,6,0
37,82,6,136,0,0,13,0,0,19,1
7,7,7,6,17,8,8,0,0,3,0
1607,1221,74,8044,219,5442,412,57,591,1400,464
108,883,1,0,98,86,15,0,0,3,17
520,2397,5,525,7,5,0,0,0,13,8
2,4,11,1,0,0,10,0,0,1,0
8,46,5,4,2,3,0,0,0,4,0
18,104,5,7,36,23,3,0,0,1,3
165,463,74,156,59,99,73,11,13,119,11
2,5,2,0,0,0,1,0,0,1,0
65021,12,104,121689,0,0,0,0,0,11,0
17,72,3,16,0,0,156,0,0,67,0
28,36,14,60,4,4,72,0,0,68,1
266,831,53,87,4,4,0,0,0,0,0
344,504,39,241,29,104,8,12,27,188,26
14,0,28,231,1,1,88,0,0,52,0
189,221,42,289,55,65,21,18,23,4,31
149,135,38,484,60,68,8,3,17,19,14
679,618,40,616,161,211,32,9,11,54,331
7,9,7,9,2,2,0,0,0,2,1
555,738,14,303,98,117,3,7,8,6,30
85,116,5,35,0,0,133,0,0,67,1
270,284,7,217,46,244,196,2,12,54,63
113,90,56,482,125,181,253,101,210,69,268
31,18,19,116,0,0,0,0,0,50,0
467,676,23,457,189,359,0,0,0,9,48
71,0,7,54,60,123,50,2,2,6,11
171,180,106,1931,85,93,48,8,41,29,119
14,25,14,181,13,38,161,0,0,94,0
18,15,22,113,0,0,89,0,0,141,0
119,174,102,1127,14,16,36,1,7,485,8
301,1012,5,13,97,174,2,5,16,3,44
2,6,3,0,0,0,108,0,0,16,0
5,0,2,27,0,0,0,0,0,2,0
52,125,25,122,184,233,42,23,61,36,39
10,6,25,28,3,1,43,0,0,2,0
9,13,11,2,3,0,173,0,0,53,1
2,3,9,23,0,0,98,0,0,10,0
1132,1193,25,515,76,88,173,5,23,86,14
192,433,7,4,23,62,763,12,1,23,22
8,15,13,38,13,16,1,2,1,2,2
2,3,6,7,0,0,0,0,0,1,0
46,100,12,121,0,0,0,0,0,41,0
1,0,1,0,0,0,0,0,0,0,0
4,7,5,9,0,0,2,0,0,3,0
176,309,4,16,2,7,9,1,3,2,1
802,708,90,2910,123,111,13,10,31,40,185
8,81,6,3,0,0,0,1,1,1,0
100,99,52,2323,38,74,90,8,131,25,18
75,206,11,13,23,13,211,14,7,4,15
189,308,42,209,34,59,0,6,30,22,4
189,317,3,26,106,142,481,0,0,22,27
366,136,33,1682,164,234,72,19,77,76,134
121,111,33,68,0,0,281,1,0,154,1
92,197,14,242,31,47,1,0,0,7,12
27,17,100,270,0,0,7,0,0,69,1
5,2,3,4,28,8,0,0,0,1,3
39,0,7,35,0,0,98,0,0,14,0
222,286,19,59,54,57,118,0,0,11,26
150,152,5,9,33,43,82,3,6,3,0
113,140,14,32,1,0,3,141,70,307,0
2,9,1,0,27,51,0,0,0,0,2
336,528,36,164,17,12,161,38,78,33,3
265,509,14,35,56,155,33,3,1,34,17
10,7,4,2,100,36,1,1,0,1,5
4,0,2,0,6,3,0,5,89,10,0
6,31,6,3,0,0,13,0,0,0,0
62,0,23,2,29,4,0,0,0,1,1
1143,1244,67,1910,113,161,25,9,8,29,14
185,417,16,159,44,45,92,4,26,9,11
93,107,53,119,15,11,2,2,3,6,1
55,151,15,112,0,0,125,0,0,73,0
660,42,50,2197,49,112,2,0,0,14,1
145,156,6,10,3,7,329,0,0,206,1
851,1068,92,1304,79,94,1,9,45,28,19
517,985,104,385,1,1,0,0,0,73,4
1,2,1,0,0,0,0,0,0,0,0
11,11,3,3,9,7,0,0,0,1,1
33,30,55,261,38,22,12,7,14,1,85
41,57,12,32,94,117,5,1,0,1,14
93,242,6,12,147,172,8,9,2,5,25
292,583,5,157,86,240,1283,20,80,74,17
90,149,16,253,0,0,2,0,0,87,0
75,71,14,199,2,0,20,0,0,128,2
41,191,3,4,4,0,2,0,0,1,4
5,20,3,50,5,6,0,0,0,10,0
41,54,18,49,94,94,47,23,32,7,53
90,164,25,49,103,99,81,1,0,12,10
3,8,2,2,3,0,1,0,0,1,0
622,2174,12,10,65,32,227,171,110,63,13
23,23,5,27,3,5,0,0,0,4,0
193,394,55,401,0,0,264,0,0,668,3
335,410,72,673,35,33,3,0,0,11,8
29,36,60,372,36,37,9,2,9,3,5
295,348,49,174,73,83,72,22,38,20,9
50,0,16,34,57,47,0,31,64,140,1
146,65,10,38,6,9,384,0,0,312,0
28,0,8,10,0,0,4,0,0,7,0
14,45,1,0,189,327,0,2,0,11,16
2,8,2,2,0,0,0,1,0,1,0
102,303,15,172,78,57,13,8,9,3,17
170,277,29,257,68,136,23,15,76,63,6
53,87,2,1,0,0,430,0,0,3,0
11,28,2,20,1,1,19,3,17,14,2
109,153,4,29,0,0,242,0,0,10,0
164,188,9,283,46,43,58,1,0,15,4
1,21,2,0,5,7,6,0,0,1,1
71,127,9,35,8,7,80,9,11,12,1
1300,1296,32,2635,15,38,597,0,0,392,19
937,1542,31,909,7,14,17,3,54,41,12
1378,2378,36,2829,20,28,8,147,301,412,12
3345,54,31,21729,34,2045,10,26,2291,7,9
908,66,17,218,25,40,2,0,0,9,1
87,204,68,174,22,7,15,0,0,917,11
2,0,3,0,19,6,0,14,5,1,1
1216,1804,78,2507,242,306,337,73,927,205,224
239,543,21,327,106,189,411,14,77,663,76
561,964,32,530,75,78,2,1,0,21,16
74,71,46,524,51,65,3,2,6,12,30
244,355,1,0,0,0,1436,0,0,182,0
21,52,1,0,57,48,4,0,0,12,0
178,299,2,0,106,123,0,0,0,5,60
59,107,58,186,28,33,1,7,3,25,2
27,24,59,341,67,72,3,3,10,1,10
87,178,9,77,10,37,6,0,0,7,2
37,15,13,97,0,0,150,0,0,270,1
14,17,10,53,1,0,2,0,0,1,3
154,333,16,113,0,0,209,0,0,76,0
16,143,9,59,15,17,14,5,5,1,1
17,37,2,7,0,0,0,0,0,4,0
1318,2665,7,499,2,21,806,0,0,2,11
144,390,8,11,0,0,0,0,0,1,0
118,193,7,106,112,99,30,2,94,2,22
34,88,22,164,16,9,16,6,27,60,2
132,177,7,36,5,12,0,0,0,1,5
391,393,9,141,79,98,22,0,0,24,8
86,677,96,345,0,0,46,0,0,15,1
1101,1408,144,1569,35,87,3,24,96,159,25
60,122,10,661,11,5,0,0,0,16,2
31,230,1,0,4,19,0,1,0,1,0
106,205,19,492,38,33,17,0,0,4,2
60,103,33,463,62,64,4,2,8,10,12
371,982,11,435,6,8,14,0,0,35,3
308,526,9,138,3,6,95,0,0,46,2
35,38,62,204,3,1,0,0,0,118,0
1886,532,62,2669,37,270,2,0,0,5,33
31,51,96,126,8,16,0,0,0,4,6
8,34,3,0,23,17,7,3,1,0,2
73,131,15,304,4,6,3,0,0,14,0
72,226,4,23,18,29,21,0,0,8,13
6,9,3,1,3,2,4,2,1,0,1
16,5,2,12,0,0,0,1,2,24,0
85,57,51,856,76,89,19,5,41,11,74
2,0,26,43,6,3,0,0,0,2,1
212,483,8,171,14,50,445,1,10,234,5
71,107,102,1299,134,184,6,8,64,11,116
105,145,14,227,0,0,317,1,0,158,0
3,3,1,0,31,8,87,0,0,143,4
38,0,9,272,2,27,822,0,0,392,0
4,16,7,0,16,0,216,0,0,7,15
255,102,66,1229,158,187,23,4,22,21,98
24,21,5,63,0,0,380,0,0,51,0
202,253,18,795,19,43,71,0,0,99,9
19,17,101,15,0,0,3,0,0,2,2
72,145,12,47,33,111,37,5,12,18,4
1,0,24,23,0,0,384,0,0,384,0
27,39,26,107,16,15,2,0,0,3,2
1093,1143,11,107,1,0,162,34,116,9,7
559,432,104,6918,243,1319,1365,37,304,3250,353
79,89,24,383,72,109,2,7,49,3,62
188,86,105,1218,51,151,70,3,6,289,99
2126,2927,14,846,22,19,210,3,22,11,12
39,62,2,1,0,0,259,0,0,11,0
30,210,26,159,1,0,12,0,0,10,0
74,76,24,79,40,59,11,1,0,25,24
109,0,9,186,1,1,119,0,0,37,2
36,46,33,46,44,47,15,9,12,9,4
149,301,27,143,23,47,0,0,0,17,1
47,48,4,72,0,0,3,0,0,7,0
3,2,1,0,1,4,0,0,0,1,0
4,2,3,3,0,0,0,0,0,1,0
1365,2606,38,756,77,217,28,3,11,13,38
15,46,2,5,15,39,2,1,1,2,1
6,3,4,0,115,29,0,10,1,12,22
8,3,94,5,0,0,0,7,2,0,0
8,25,17,31,2,1,3,1,2,1,1
33,68,67,67,33,96,0,2,0,7,1
36,13,22,276,1,0,1,0,0,137,0
9,0,2,7,0,0,330,0,0,236,0
268,419,1,0,6,13,636,0,0,274,0
43,90,10,3,4,5,184,6,2,21,0
178,386,21,16,48,46,295,120,79,13,18
526,483,16,396,158,162,52,0,0,18,34
151,196,30,42,67,48,8,0,0,6,33
67,155,9,55,8,38,1,0,0,6,8
20,4,5,276,19,36,4,1,1,29,10
57,19,3,1,4,0,124,6,0,107,1
1,8,1,0,3,1,0,0,0,0,0
468,458,11,630,94,105,13,5,0,68,48
175,0,69,321,0,0,3628,0,0,698,0
38,32,109,558,0,0,6,0,0,244,0
95,146,4,56,28,32,2,0,0,5,6
4,0,1,0,69,44,4,0,0,2,3
131,177,65,526,0,0,1361,0,0,1408,1
133,292,5,34,3,2,0,1,9,2,0
14,107,70,36,32,18,0,0,0,2,5
2179,2347,47,3060,164,384,169,18,139,815,121
2126,2122,361,27966,157,216,122,24,200,598,481
33,74,5,8,102,57,19,0,0,2,4
25,31,2,686,0,0,1,0,0,74,6
266,254,21,1576,10,12,0,0,0,36,11
565,1161,13,63,24,56,647,129,180,49,16
622,681,12,56,3,1,148,0,0,30,1
531,452,105,2800,76,90,20,6,12,41,109
926,1156,34,2162,25,271,92,6,69,524,20
55,33,24,228,56,63,23,10,18,6,32
196,918,41,173,0,0,77,0,0,14,1
13,0,3,9,0,0,1,0,0,3,0
16,4,153,541,0,0,0,0,0,550,3
311,1850,84,119,1,0,58,2,1,2,0
26,36,4,95,2,4,3,0,0,6,1
7,2,3,28,0,0,4,0,0,6,0
21,59,34,22,48,95,42,2,1,5,2
213,639,31,107,72,40,157,0,0,33,4
249,343,42,2140,58,39,11,2,7,31,16
49,60,4,9,60,16,0,0,0,2,1
11,16,6,13,7,1,0,0,0,1,0
4,7,1,0,0,0,204,0,0,22,0
3,10,1,0,22,19,0,0,0,1,0
89,146,132,187,67,66,36,17,2,16,41
892,922,12,954,215,301,15,7,74,173,300
559,558,4,286,99,159,26,0,0,38,13
241,1739,1,0,23,33,21,1,0,9,3
1,25,3,1,7,1,0,0,0,3,0
3,17,5,4,14,2,0,0,0,1,0
2,1,25,17,0,0,0,0,0,6,0
5,8,6,3,1,1,211,1,0,475,4
60,100,27,58,87,88,72,1,5,4,6
335,1045,2,18,30,32,860,6,0,550,0
84,93,48,689,130,218,49,11,34,49,49
1185,1028,76,15882,153,1608,273,12,348,1134,540
1,0,1,0,88,28,0,0,0,1,11
210,327,5,2,15,27,312,1,0,417,0
84,172,6,406,66,66,3,0,0,3,6
583,1052,149,1658,44,61,19,0,0,471,13
14,25,3,7,0,0,1,0,0,1,0
31,138,31,8,68,52,0,3,0,2,6
16,55,14,158,0,0,33,0,0,57,0
308,315,16,516,40,54,2,0,0,4,4
183,302,3,3,0,0,314,0,0,128,1
689,1747,2,182,6,4,0,0,0,18,0
89,73,12,507,0,0,215,0,0,366,2
15,19,4,34,8,43,5,0,0,21,2
85,138,28,125,0,0,68,0,0,9,0
5,8,28,64,6,4,2,0,0,10,1
185,65,43,932,33,112,70,4,17,301,20
164,301,8,70,3,5,50,0,0,15,1
409,451,51,1277,192,333,15,0,0,58,181
62,166,14,53,36,104,175,54,20,231,3
111,222,31,38,93,102,50,5,16,2,5
76,134,9,99,5,11,33,13,33,20,4
37,16,9,436,14,9,0,3,13,34,10
12,17,10,50,28,11,3,0,0,2,5
34,21,11,85,44,53,4,0,0,12,8
4,2,12,30,3,0,18,0,0,18,1
124,0,89,2131,9,82,170,0,0,1041,10
282,463,1,0,0,0,197,7,1,24,0
31,0,9,2,0,0,121,2,1,12,0
97,97,43,265,26,24,32,1,0,25,9
9,24,14,7,23,23,43,7,2,2,5
413,472,34,344,90,114,32,3,11,13,15
11,6,9,4,3,0,19,3,2,1,1
2,30,3,0,3,0,0,0,0,1,0
206,539,54,838,7,3,25,0,0,115,4
299,304,28,571,214,252,21,4,20,37,198
209,228,10,326,0,0,145,0,0,63,2
2,2,1,0,0,0,0,0,0,7,0
223,257,60,934,50,36,11,8,46,17,54
1,0,1,0,2,4,0,0,0,1,0
5,36,14,27,54,22,5,0,0,5,5
2,0,3,0,36,24,0,0,0,1,2
420,483,59,380,101,159,180,13,0,219,45
240,316,22,245,21,28,255,1,0,63,5
369,413,11,110,173,217,40,11,18,20,26
20,0,2,22,0,0,0,1,1,23,2
1,10,50,14,2,3,2,0,0,1,0
494,632,42,1494,61,397,400,59,349,450,38
82,139,49,188,9,5,14,1,1,24,2
232,333,1,0,1,14,104,0,0,6,0
263,952,8,125,0,0,0,0,0,3,0
240,1330,18,34,43,64,95,16,19,4,2
44,48,16,360,31,59,150,0,0,48,3
3,7,1,0,1,0,1,0,0,1,0
168,209,8,53,77,66,31,0,0,7,9
44,325,5,12,123,285,119,9,10,28,21
1,0,2,0,2,6,0,0,0,5,0
3,2,1,0,13,138,1,0,0,93,0
64,181,6,9,98,61,2,2,4,3,5
543,805,9,362,11,15,6,0,0,25,1
562,1039,21,95,0,0,281,0,0,74,0
31,21,48,549,0,0,74,6,9,367,0
5,2,5,50,0,0,92,2,0,16,0
332,546,15,170,6,52,119,1,3,40,0
2781,2765,50,20942,70,579,4431,183,181,1908,1132
12,57,3,0,129,94,0,5,1,11,2
38,69,4,21,0,0,1,0,0,4,0
1626,3187,26,2383,204,346,72,3,164,301,75
2,5,3,4,0,0,1,0,0,1,0
5,0,2,0,15,17,35,1,0,11,2
335,1075,16,43,70,57,43,4,9,38,39
11,24,11,18,9,13,5,16,9,10,1
63,0,5,64,0,0,4,1,6,8,1
192,216,12,137,73,103,36,14,25,65,10
5,10,15,311,153,62,15,8,26,92,44
81,6,22,648,0,0,1,1,0,20,0
56,116,10,12,46,23,67,0,0,1,7
13,0,1,0,33,264,43,0,0,60,0
27,103,4,79,6,4,146,1,1,21,2
510,1840,4,26,0,0,154,0,0,5,0
12,1,1,0,14,62,95,0,0,30,2
2,0,32,4,61,13,5,6,1,1,1
7,5,6,7,3,0,0,0,0,3,0
2,1,1,0,39,6,0,0,0,0,1
8,7,8,45,12,19,0,1,5,6,9
104,117,8,130,37,64,83,1,1,12,3
6,8,2,2,0,0,0,0,0,2,0
26,31,7,35,9,38,171,1,2,29,3
35,44,27,192,42,68,92,3,2,31,15
38,24,3,1,12,13,14,21,12,4,1
305,225,227,6159,144,227,28,25,214,261,151
24,75,13,72,3,2,0,17,109,20,0
136,0,46,266,0,0,0,0,0,26,0
1141,1087,48,1230,177,383,161,4,5,138,57
9,9,38,215,0,0,52,0,0,74,1
2,57,1,0,9,1,6,0,0,1,0
667,628,29,319,88,111,3,0,0,120,9
99,253,9,50,75,70,71,15,32,7,87
44,207,200,63,0,0,11,0,0,23,0
37,55,25,6,19,14,257,0,0,10,4
517,629,7,391,204,234,3,0,0,17,52
27,41,5,44,0,0,0,0,0,0,0
68,127,46,186,0,0,0,0,0,23,0
36,61,75,206,0,0,50,0,0,493,2
27,0,16,136,5,5,0,1,1,7,0
23,74,41,184,34,35,16,11,24,5,19
26,34,9,129,44,53,11,2,2,2,5
409,2362,139,623,3,3,57,0,0,32,3
281,246,5,227,96,199,2,3,36,30,33
268,378,80,519,160,290,14,33,42,24,31
473,585,26,391,80,77,0,0,0,10,25
1,9,7,2,6,5,88,0,0,10,0
122,140,7,104,17,17,157,0,0,42,8
24,0,4,52,15,11,207,0,0,156,1
24,68,28,47,0,0,142,0,0,495,0
509,448,36,1352,178,150,3,2,19,27,142
17,43,14,5,28,7,0,0,0,3,11
94,210,23,230,1,0,185,0,0,108,0
56,91,4,3,97,62,11,0,0,1,7
1323,394,9,1689,2,0,291,2,21,16,2
36,85,14,31,38,45,1,7,4,5,3
198,1242,26,104,0,0,10,0,0,1,0
41,59,2,0,101,88,26,0,0,2,47
501,463,211,2088,29,21,101,0,0,52,8
9,16,4,57,0,0,20,0,0,17,0
16,117,13,4,29,15,11,8,4,1,0
97,158,17,133,3,4,3,0,0,14,1
65,79,14,50,5,4,163,0,0,8,1
49,0,100,772,0,0,1,0,0,369,0
634,548,61,3994,169,158,2,5,6,95,65
3,0,4,16,1,3,0,0,0,7,1
6,32,18,11,8,1,1,3,0,3,2
1740,1897,30,8860,3,22,693,5,79,165,92
64,77,25,167,76,75,9,3,3,12,7
13,7,29,56,0,0,99,0,0,14,0
18,54,15,91,42,35,7,0,0,1,5
8,1,5,11,6,6,0,0,0,1,1
169,4,165,1467,0,0,7,0,0,121,0
18,52,3,0,3,5,8,0,0,5,0
316,412,25,866,71,68,14,1,0,60,19
749,838,3,174,43,48,81,0,0,16,11
108,111,19,245,18,33,107,7,15,107,0
127,1453,13,2,85,329,3,0,0,0,5
5,17,7,5,94,55,0,0,0,2,5
46,52,9,170,0,0,137,0,0,437,0
46,0,8,7,97,102,2,1,0,1,10
24,43,13,100,0,0,0,0,0,4,0
59,0,17,783,44,412,61,1,1,221,0
220,99,127,2105,87,93,152,17,114,49,130
78,105,10,47,23,18,225,3,1,665,6
29,76,20,43,26,15,125,0,0,337,7
413,523,61,317,34,37,224,2,0,207,7
741,2494,46,599,1,3,534,0,0,261,1
540,1141,7,65,0,0,273,0,0,15,1
1,3,2,1,0,0,1,0,0,1,0
339,270,125,936,34,59,174,0,0,319,20
56,147,12,353,0,0,169,0,0,133,0
51,80,35,264,81,132,134,17,3,32,70
2,2,1,0,16,52,0,0,0,1,2
2,0,1,0,0,0,0,0,0,0,0
75,112,4,120,108,168,1,0,0,6,25
531,376,39,1932,180,260,10,6,118,40,155
271,125,5,105,0,0,0,0,0,2,1
33,10,11,246,1,1,107,0,0,124,1
47,55,17,54,16,16,7,0,0,8,0
2656,2474,19,452,17,23,126,0,0,13,22
75,115,1,0,0,0,229,2,0,5,0
9,9,15,71,37,36,0,0,0,1,3
1131,2426,7,340,22,30,804,0,0,22,6
281,444,9,109,0,0,1501,0,0,128,0
102,263,102,16,1,1,0,0,0,6,0
7,6,7,21,1,1,2,1,2,6,0
3,0,1,0,37,10,0,0,0,1,0
4,7,12,70,5,0,0,0,0,27,2
71,97,45,260,4,9,21,0,0,37,0
131,312,35,288,0,0,353,0,0,328,0
79,163,15,23,0,0,225,0,0,196,0
323,1125,1,0,0,0,2,0,0,1,1
16,0,45,52,0,0,116,0,0,118,1
597,674,4,55,10,9,48,8,118,12,1
18,244,6,6,4,5,118,0,0,0,0
195,451,7,62,0,0,451,0,0,4,0
1205,4757,10,462,90,71,4,0,0,20,19
4,12,2,1,0,0,1,0,0,1,0
140,150,3,55,8,9,171,1,17,75,1
140,105,94,1701,138,116,88,16,46,103,59
338,244,21,740,126,154,24,8,45,20,37
8,0,21,99,0,0,0,0,0,20,0
120,122,37,182,60,91,12,17,57,47,9
638,197,7,65,3,5,293,0,0,103,0
164,123,98,1212,0,0,36,0,0,69,4
306,1235,27,225,70,63,9,17,59,8,4
53,48,29,218,6,3,246,0,0,197,8
144,181,31,114,32,27,1305,715,0,485,3
7,16,2,2,0,0,0,0,0,1,0
327,499,69,1386,126,154,13,4,13,60,61
65,193,41,929,3,2,100,1,1,420,4
10,44,1,0,1,0,13,1,2,1,0
25,70,55,108,31,26,15,13,36,8,18
247,411,39,398,43,40,26,8,19,6,9
36,94,28,72,0,0,77,0,0,27,0
20,35,22,80,11,6,9,0,0,9,1
1117,1150,112,2184,154,243,9,0,0,22,43
15,2,15,56,16,49,1,3,1,14,15
689,842,72,718,116,113,109,12,10,49,98
1134,1135,34,1318,15,17,22,0,0,31,5
9,18,8,1,2,0,0,0,0,0,2
162,488,13,74,36,233,95,1,0,94,0
432,428,28,379,12,15,40,0,0,32,3
19,0,253,267,0,0,312,12,11,250,0
2,1,3,2,0,0,2,0,0,0,0
115,167,10,35,260,238,96,23,26,40,104
18320,35,6,3705,1,132,0,6,6159,0,18
372,608,1,0,2,6,1176,0,0,266,1
103,141,54,179,4,3,3,0,0,9,1
87,176,2,25,0,0,565,0,0,142,1
1364,1396,42,919,63,123,593,4,10,568,32
84,0,100,682,2,2,39,0,0,220,0
153,321,22,131,0,0,266,0,0,180,0
24,75,19,154,9,10,85,0,0,13,3
14,27,16,40,3,4,0,0,0,7,0
24,16,8,92,63,124,18,6,53,70,25
40,35,17,269,19,11,2,0,0,11,5
22,0,8,19,0,0,161,5,30,9,0
3,1,28,117,0,0,29,0,0,63,0
211,323,48,211,119,102,74,12,21,3,27
3,6,3,24,0,0,0,0,0,5,0
109,87,20,405,74,195,12,2,2,142,3
24,30,8,41,3,3,17,1,3,3,0
268,541,17,319,7,49,375,0,0,120,2
300,430,10,54,94,150,67,1,15,41,32
274,382,1,0,0,0,714,0,0,306,0
539,657,50,1471,73,631,1549,8,4,319,111
79,112,4,89,26,149,174,0,0,93,0
2,0,2,1,2,0,0,0,0,1,2
40,42,40,561,48,38,19,0,0,35,12
48,102,10,123,0,0,186,1,12,511,0
254,300,38,995,80,745,474,5,24,509,42
1,0,1,0,49,38,1,0,0,9,1
72,63,23,735,52,189,342,19,77,250,8
12,66,2,32,59,4,0,0,0,10,18
124,316,32,680,6,6,226,1,0,450,8
63,65,26,185,52,62,132,0,0,35,10
160,184,39,989,72,53,51,28,73,66,18
3,19,12,10,15,28,0,0,0,12,12
290,72,4,81,2,29,11,0,0,31,0
339,815,5,131,0,0,36,0,0,10,0
1,4,1,0,0,0,0,3,0,0,0
272,198,97,921,127,91,86,0,0,48,109
380,798,5,32,24,29,483,0,0,414,0
20,3,22,57,0,0,212,0,0,147,0
145,172,41,157,125,121,63,12,44,18,13
1,5,1,0,0,0,158,0,0,96,0
236,231,2,12,1,1,1004,0,0,393,0
31,0,182,682,0,0,1044,0,0,1743,0
10,0,19,29,2,1,10,23,14,10,2
7,57,54,71,32,35,32,22,12,7,0
47,991,1,0,0,0,300,0,0,7,0
52,0,5,173,5,4,1,0,0,3,0
461,1136,13,176,18,44,35,2,18,9,4
125,36,70,3316,119,167,56,22,503,603,208
22,44,9,201,0,0,114,0,0,81,1
6,0,10,7,37,33,32,0,0,2,3
1956,4999,67,820,55,128,157,0,0,209,15
462,1275,26,386,9,41,558,0,0,189,4
43,128,68,277,191,222,25,44,80,8,97
488,1148,32,235,48,46,8,15,52,15,6
33,28,37,196,31,45,2,0,0,1,11
130,94,1,0,7,3,519,0,0,149,0
457,1109,45,295,21,7,2,6,26,15,3
15,1,11,17,38,131,0,0,0,4,9
41,48,3,171,6,3,2,0,0,1,1
68,3,11,159,0,0,883,1,0,109,3
145,238,16,98,4,5,33,0,0,35,3
1104,1298,33,583,256,230,8,6,80,38,73
28,0,19,261,20,19,5,0,0,7,2
1,0,1,0,0,0,0,0,0,0,0
22,0,16,119,1,1,1,0,0,5,0
419,423,12,295,149,628,790,9,13,173,74
1505,1824,59,243,3,4,139,1,1,103,5
501,1256,30,2010,0,0,2,9,64,492,17
3,2,4,60,0,0,0,0,0,4,0
65,118,150,89,0,0,3,0,0,110,0
250,512,118,370,0,0,102,0,0,287,1
26,76,10,24,88,46,49,0,0,10,10
1,0,40,25,0,0,0,0,0,17,0
30,75,10,69,3,1,23,0,0,7,0
1,0,1,0,31,3,0,1,0,2,0
724,1602,63,339,35,18,10,1,0,39,31
36,0,21,39,0,0,138,0,0,35,0
199,231,9,313,24,408,2325,3,32,567,11
3,16,9,109,18,5,3,1,1,9,0
41,131,59,173,17,10,58,6,5,11,5
41,0,3,62,0,0,0,0,0,4,2
28,0,91,132,0,0,78,0,0,21,0
25,17,18,59,38,24,246,1,0,29,6
8,71,10,32,10,15,0,0,0,1,2
4,7,12,3,7,2,4,10,0,26,5
96,462,10,59,11,10,25,6,15,3,0
33,60,8,311,6,11,121,0,0,92,9
172,408,110,760,0,0,19,0,0,460,0
10,24,10,38,3,7,0,0,0,17,3
17,0,4,47,8,103,150,0,0,344,8
26,11,34,516,9,119,235,0,0,693,8
27,9,21,286,1,19,399,0,0,871,0
597,420,13,1515,141,200,4,25,20,47,47
184,395,7,85,12,16,0,0,0,8,0
24,19,102,515,0,0,37,0,0,492,0
76,97,7,31,7,9,160,3,0,313,1
184,279,11,222,10,10,6,0,0,7,3
306,330,30,932,7,2,9,1,0,84,3
6,6,10,33,4,7,2,0,0,5,3
81,13,6,174,2,16,0,0,0,17,1
47,92,65,222,27,3,7,0,0,59,27
818,1887,7,165,24,18,2,0,0,9,7
35,63,16,143,0,0,74,0,0,42,0
276,640,28,179,37,90,10,1,1,271,11
911,1306,67,1520,4,5,1899,0,0,739,9
141,168,20,122,3,2,14,0,0,10,2
7,36,47,16,25,11,1,11,6,1,24
12,32,28,102,11,13,17,5,17,1,4
397,396,63,1442,53,63,12,15,14,74,65
88,0,24,36,14,4,6,0,0,5,1
199,684,2,1,2,4,122,1,0,46,1
27,29,5,21,26,37,102,0,0,22,0
398,735,63,944,28,22,2,0,0,11,24
23,41,8,104,14,14,3,0,0,5,5
522,0,16,198,5,6,2087,84,101,279,12
107,243,74,121,0,0,159,0,0,89,0
2903,223,6,159,21,111,71,3,14,27,4
31,80,2,1,17,38,18,0,0,2,0
241,239,18,736,77,137,6,17,150,72,3
39,25,6,79,9,8,5,5,29,27,1
60,13,21,184,0,0,393,0,0,454,0
23,30,1,0,10,50,203,0,0,36,0
16,19,5,77,0,0,2,0,0,23,0
4,5,2,2,1,0,0,0,0,1,0
37,60,16,227,39,105,226,0,0,193,3
31,42,23,321,34,95,247,0,0,178,7
2,5,2,0,1,1,0,0,0,1,0
291,576,3,16,0,0,160,0,0,22,0
112,127,12,374,59,72,15,4,8,7,0
323,355,34,213,95,142,233,22,79,27,25
616,597,145,4258,264,313,32,13,121,115,220
308,604,40,383,0,0,0,0,0,73,1
23,0,44,408,4,7,93,0,0,847,0
125,76,59,114,84,183,34,25,41,1,63
462,575,105,333,155,207,167,3,4,21,59
366,836,4,26,1,8,443,0,0,158,1
44,76,2,67,0,0,1,0,0,5,0
101,188,8,31,20,18,62,0,0,2,1
20,22,8,4,2,0,0,0,0,2,2
1,0,1,0,3,24,0,0,0,15,0
95,494,26,355,4,4,14,1,0,14,2
141,172,106,901,31,37,9,13,49,17,6
7,14,3,22,0,0,23,0,0,6,0
312,1087,88,186,21,5,11,0,0,78,17
159,691,29,82,0,0,0,0,0,2,0
32,68,30,140,0,0,167,3,0,30,2
2697,2447,74,2844,173,185,45,9,203,24,152
552,1439,15,199,33,38,11,2,14,19,4
296,263,4,13,0,0,848,0,0,275,0
106,135,2,12,1,2,58,0,0,4,0
339,870,9,8,17,27,904,17,10,1170,3
32,139,11,50,24,15,0,0,0,9,6
7,1,1,0,17,119,49,0,0,50,0
34,65,52,67,54,67,4,1,1,2,14
40,122,5,1,266,183,65,3,1,3,28
492,1187,2,15,11,55,496,0,0,64,3
261,561,6,19,7,5,689,0,0,879,1
44,106,11,62,2,2,1,1,3,2,3
302,1166,23,60,22,26,328,1,17,375,2
4,1,1,0,1,12,0,0,0,15,1
708,704,17,907,126,144,8,1,35,19,38
102,249,20,215,1,7,326,0,0,236,0
104,58,139,1904,229,252,17,73,440,109,177
29,4,1,0,69,551,4,0,0,66,0
14,29,1,0,86,76,49,0,0,13,13
70,84,107,2645,53,176,29,0,0,74,25
418,679,85,350,4,4,842,3,0,298,2
217,349,9,79,6,5,0,0,0,5,0
92,31,3,22,1,0,1405,0,0,20,0
74,40,25,423,0,0,742,0,0,375,2
68,56,3,51,0,0,9425,0,0,64,1
5,6,55,36,0,0,4,0,0,21,0
27,41,4,27,5,4,33,0,0,2,0
419,820,12,474,83,86,8,0,0,7,4
152,132,16,29,0,0,313,0,0,301,0
23,15,5,8,0,0,4,0,0,10,0
121,363,13,11,130,73,267,13,2,9,29
2177,2107,374,39740,527,900,271,19,550,404,2095
29,0,4,185,37,342,4,0,0,189,4
608,960,50,800,71,104,6,2,13,22,10
6,6,8,20,15,8,1,0,0,2,2
26,168,6,3,81,24,40,4,0,1,3
377,930,2,31,11,20,4150,0,0,52,5
153,210,2,1,7,248,281,1,12,222,3
9,0,12,71,3,1,1,7,12,23,2
71,58,52,404,129,378,6,3,9,5,38
17,63,17,74,30,12,15,15,6,3,8
158,426,164,130,138,119,2,23,3,16,18
1021,0,33,799,73,87,244,2,14,71,8
105,310,12,13,93,90,1,0,0,7,20
42,33,33,285,0,0,349,0,0,360,0
745,1296,318,1695,10,6,79,0,0,1056,6
190,211,1,0,0,0,199,0,0,88,5
274,291,24,208,100,145,37,18,0,28,23
169,312,4,61,5,7,3,0,0,22,1
271,392,26,281,169,166,40,0,0,8,84
58,131,5,0,78,52,0,0,0,2,6
4,13,4,87,0,0,0,0,0,23,0
49,87,7,33,1,1,1,0,0,9,0
229,111,24,120,13,35,239,2,4,341,8
359,404,8,206,59,70,85,0,0,12,23
24,584,4,0,0,0,238,187,10,3,0
258,668,9,123,36,61,186,17,20,14,16
371,584,26,254,19,28,1,1,3,2,7
205,209,10,80,0,0,397,0,0,15,0
345,0,18,1443,30,315,702,7,180,507,35
39,70,5,0,191,262,1,0,0,19,14
272,0,54,56,10,7,39,15,16,36,0
43,59,22,184,11,7,72,0,0,11,0
62,41,3,10,0,0,889,0,0,98,0
101,341,48,1263,31,52,0,0,0,289,19
3,4,2,0,27,24,1,0,0,1,0
72,97,9,218,165,312,5,0,0,79,11
405,477,33,1815,131,166,84,3,1949,414,75
13,31,5,10,4,3,1,0,0,2,4
159,1465,69,251,11,4,126,2,2,22,8
111,550,14,121,1,2,3,3,7,4,1
30,0,30,410,0,0,1,0,0,143,2
469,266,8,63,56,48,2,0,0,2,9
89,311,10,96,6,10,45,1,5,18,1
14,0,17,264,0,0,2,0,0,28,0
13,17,4,17,4,10,10,0,0,1,3
65,0,28,39,0,0,0,0,0,8,0
12,128,3,3,1,0,0,0,0,0,0
340,715,17,876,93,61,1,0,0,12,24
1011,1603,91,1166,125,192,56,8,2,85,40
134,115,4,26,51,61,45,1,0,0,1
95,106,21,666,20,37,27,1,27,52,2
7,6,4,37,8,9,0,0,0,8,1
28,177,6,55,41,62,6,0,0,3,12
7,0,1,0,5,47,23,0,0,23,0
67,62,170,5208,88,105,217,12,31,58,58
112,231,21,63,0,0,0,0,0,5,0
96,0,5,85,17,107,33,0,0,19,2
1,0,1,0,2,0,4,0,0,1,0
726,1030,80,685,68,75,90,19,32,11,52
19,37,19,188,1,1,147,0,0,51,0
2,1,1,0,0,0,0,0,0,0,0
305,602,3,183,3,4,2,0,0,9,0
267,833,4,127,4,4,1,0,0,1,3
1475,1404,29,491,185,347,47,17,34,71,30
79,275,19,141,2,1,0,0,0,7,0
35,184,4,2,67,53,70,3,3,0,9
22,69,13,5,3,6,2,0,0,2,1
31,102,1,0,30,36,205,0,0,16,0
444,431,105,968,0,0,117,0,0,152,1
327,572,10,890,1,1,160,0,0,91,8
23,22,31,172,2,0,5,0,0,91,0
307,3303,55,332,11,12,212,0,0,15,0
42,117,8,11,0,0,197,0,0,17,1
24,24,39,78,4,4,57,0,0,28,5
26,35,8,96,14,9,282,0,0,41,1
111,110,3,0,3,2,135,0,0,62,0
1282,1264,111,178,27,25,65,92,77,26,30
71,195,33,179,0,0,70,0,0,106,0
88,95,24,151,39,64,369,39,81,58,3
201,217,8,409,64,510,523,0,0,490,18
30,23,1,0,0,0,242,0,0,3,0
81,127,69,351,16,17,113,0,0,133,2
81,183,15,127,0,0,54,0,0,22,0
49,95,1,0,9,10,232,1,0,3,0
9,8,6,68,20,40,10,0,0,6,4
40,224,3,38,0,0,36,0,0,4,0
178,297,21,494,44,41,0,4,2,7,13
7,0,94,346,0,0,32,0,0,190,1
44,36,1,0,69,387,96,0,0,69,1
19,0,18,68,0,0,86,0,0,42,0
113,101,8,6,163,87,105,40,7,14,80
446,465,4,286,25,23,110,0,0,133,11
7,6,2,10,1,3,12,1,6,6,1
19,0,5,21,18,101,81,0,0,48,8
1,5,6,0,0,0,0,0,0,0,0
9,18,3,8,17,49,17,0,0,22,3
54,78,31,368,46,58,11,5,73,13,21
75,11,14,14,35,40,2,0,0,2,30
541,548,28,1344,40,50,46,14,199,84,16
7,7,1,0,20,75,32,0,0,23,0
2,6,7,37,3,2,1,0,0,7,0
322,72,191,4166,151,182,17,16,58,112,150
46,67,3,1,50,77,130,3,0,8,1
17,28,1,0,71,70,68,0,0,2,4
260,218,37,977,29,28,0,0,0,3,7
56,64,6,220,5,2,22,0,0,8,3
160,218,44,603,101,188,2,1,0,65,122
6,7,2,0,6,32,21,1,4,17,0
5,40,8,22,0,0,2,0,0,1,0
6,49,1,0,15,13,2,1,1,1,2
30,79,2,0,7,51,7,0,0,4,0
6,24,9,11,58,123,2,1,0,4,2
315,630,9,11,1,3,1003,0,0,700,2
1057,5004,18,21,24,2,59,0,0,1,0
72,111,17,133,72,76,39,0,0,70,7
294,575,18,274,82,89,6,0,0,6,8
40,50,11,391,71,168,70,3,55,11,15
1105,1031,14,111,65,141,197,17,16,38,12
180,359,56,337,21,16,54,0,0,7,8
27,58,25,54,0,0,115,0,0,46,0
90,115,2,28,32,355,11,0,0,175,0
64,119,63,333,0,0,104,1,6,350,1
399,457,41,1288,81,86,6,0,0,21,29
71,288,13,1,16,3,4,1,0,0,8
16,0,6,117,1,11,371,0,0,453,2
270,284,23,412,154,228,8,4,54,10,31
15,33,11,43,0,0,91,0,0,40,0
263,730,15,172,3,5,13,1,36,13,2
36,29,60,201,8,21,44,0,0,80,1
759,2680,70,835,125,295,39,13,142,44,36
9031,38,164,12791,27,1867,9,1,18,8,28
6,0,156,147,0,0,7,0,0,44,0
34,109,7,53,19,34,45,2,9,18,5
7,1,8,65,0,0,2,0,0,22,2
12,1,15,148,0,0,26,0,0,197,0
42,0,18,140,0,0,17,0,0,16,4
172,184,25,288,21,18,1,0,0,7,13
84,107,9,16,95,84,6,0,0,6,17
1,10,1,0,3,1,1,1,0,2,0
24,114,2,1,3,0,12,2,4,2,0
65,91,4,87,21,21,1,1,9,7,7
249,542,14,10,66,93,272,49,67,4,21
5,2,2,17,1,0,0,0,0,2,1
71,68,14,64,57,89,38,2,0,21,13
225,0,11,307,0,0,0,0,0,22,11
129,154,7,39,23,22,101,4,9,4,5
225,329,17,302,69,67,16,1,2,25,9
50,154,1,0,98,103,12,12,4,11,87
766,1244,28,1208,169,544,268,34,178,291,72
79,255,14,294,213,273,196,2,0,33,87
31,89,4,52,21,14,0,0,0,4,2
215,219,35,441,213,163,1,7,10,14,25
23,3,3,34,0,0,1,0,0,18,0
1,0,1,0,100,7,0,0,0,6,0
269,368,2,37,1,1,1419,0,0,30,0
350,897,128,2134,0,0,380,0,0,1229,3
5,0,59,214,0,0,0,0,0,49,0
21,156,3,76,0,0,6,0,0,15,1
67,259,2,10,0,0,50,0,0,7,0
475,221,74,1635,338,403,33,1,1,74,83
970,946,82,2860,43,45,13,1,7,63,32
6,5,6,36,1,0,0,0,0,11,0
33,78,15,111,10,7,4,0,0,8,0
24,1,6,80,7,8,1,1,14,15,1
35,89,8,148,4,3,0,0,0,2,2
6,0,1,0,0,0,11,0,0,6,0
1,2,5,32,0,0,0,0,0,1,0
7,7,11,46,4,3,1,1,1,6,3
127,0,7,113,16,13,1,0,0,1,0
584,758,115,2095,10,23,1348,0,0,874,22
550,404,12,1832,16,17,11,0,0,18,10
54,0,1,0,6,10,19,0,0,6,2
88,265,2,10,0,0,29,0,0,1,0
21,47,3,8,3,4,0,1,3,1,0
1129,1099,28,6295,236,641,35,11,52,63,364
17,0,8,36,32,53,0,12,22,9,3
48,52,20,322,27,111,263,0,0,181,5
24,39,2,2,5,20,0,0,0,1,3
114,185,35,467,3,7,113,0,0,815,1
35,118,29,26,114,171,15,6,25,59,22
2098,1986,91,1337,13,45,9,1,0,186,14
3,1,4,3,11,5,3,0,0,1,2
16,0,4,25,3,9,0,0,0,11,3
1,0,1,0,9,16,0,0,0,2,0
29,0,27,42,42,34,46,0,0,2,0
80,99,8,5,5,4,0,0,0,1,2
786,2160,12,130,19,30,2167,2,0,2817,6
173,0,7,260,27,22,28,1,5,5,3
202,181,3,38,98,108,0,0,0,1,17
130,0,8,80,23,39,619,17,64,132,23
27,57,1,0,101,98,4,4,0,6,7
1,0,2,0,0,0,1,0,0,1,0
1134,1683,33,732,203,368,4,0,0,13,67
42,50,25,117,32,33,0,0,0,6,10
82,64,16,335,76,267,370,26,95,430,28
139,218,6,53,101,80,2,0,0,1,11
1,0,8,9,0,0,0,0,0,4,0
206,520,1,0,0,0,2759,0,0,26,0
113,139,7,63,5,4,83,0,0,4,1
371,353,8,93,23,14,103,19,11,19,6
191,266,11,23,21,12,160,9,5,10,0
96,134,4,5,4,1,38,0,0,0,0
288,703,7,68,15,168,1676,2,12,80,4
5,17,68,91,28,28,5,1,3,7,5
11,23,104,8,0,0,0,0,0,1,0
19,0,33,235,0,0,237,0,0,150,0
200,170,17,80,0,0,238,0,0,88,0
866,701,39,2374,197,1021,98,17,163,56,263
9,3,4,21,13,41,1,0,0,2,1
243,549,30,195,39,62,255,0,0,61,3
46,0,26,125,10,6,130,2,3,24,5
23,14,9,29,29,12,315,3,1,4,3
364,466,12,907,61,76,47,3,2,9,9
170,185,105,837,1,1,49,0,0,122,2
3186,2874,9,1435,124,211,75,0,0,20,19
86,121,47,1241,16,14,215,3,7,92,23
145,284,3,43,0,0,1928,0,0,105,0
411,680,6,107,0,0,1708,0,0,112,0
64,0,27,223,0,0,91,0,0,458,2
35,146,4,32,20,47,8,0,0,7,1
431,972,50,174,17,22,187,2,13,86,6
303,535,95,341,2,5,601,0,0,471,0
22,34,6,51,29,65,8,0,0,6,9
22,96,3,0,67,100,83,5,3,2,4
192,198,30,374,1,16,567,5,23,283,1
859,996,37,1677,268,388,18,0,0,75,66
42,82,20,227,75,90,25,0,0,13,1
93,71,3,4,418,458,31,19,18,26,78
2317,2362,119,20807,314,439,303,50,948,428,914
605,1225,9,68,302,212,1,0,0,5,33
36,106,9,29,2,2,0,0,0,2,0
153,260,18,161,88,102,674,14,10,44,24
2880,4051,8,1179,4,21,40,0,0,6,0
168,329,3,8,27,9,85,1,1,4,3
839,1082,31,935,190,275,20,1,2,26,67
27,52,2,1,82,116,0,0,0,2,10
274,269,18,183,117,195,60,10,60,12,31
42,244,45,306,92,137,21,4,9,5,61
180,172,14,507,12,12,24,1,9,19,3
5,29,2,0,0,0,0,0,0,0,0
195,728,49,286,0,0,0,0,0,87,0
53,71,7,51,2,11,21,0,0,4,1
913,1412,71,2472,302,1194,2146,104,211,1232,165
16,34,3,3,24,32,90,0,0,21,0
24,20,13,259,0,0,104,1,3,35,3
137,181,90,364,100,167,469,0,0,330,9
1461,2187,134,2563,233,401,376,13,87,1059,208
197,0,37,220,42,89,743,0,0,220,11
52,0,21,277,0,0,0,0,0,370,1
12,6,4,96,0,0,306,0,0,29,0
191,189,25,213,0,0,172,0,0,77,6
320,343,15,158,270,290,15,2,6,3,54
18,75,2,2,4,41,104,0,0,13,7
758,923,61,764,109,147,291,0,0,311,23
80,85,44,299,11,11,21,0,0,28,1
1,0,1,0,53,9,0,0,0,1,3
122,115,62,392,28,24,117,53,258,34,7
13,0,36,162,1,0,39,1,0,24,1
38,46,11,122,5,8,4,0,0,12,1
607,257,273,925,17,8,170,0,0,259,9
2,5,1,0,100,14,0,0,0,1,17
50,93,32,870,2,54,1078,0,0,4241,2
214,271,2,101,33,53,0,0,0,8,6
2,0,22,24,9,13,87,31,0,28,12
4,0,1,0,3,43,25,0,0,16,0
4,5,1,0,1,14,4,0,0,1,0
80,123,20,28,44,47,8,2,10,1,7
241,499,11,135,0,0,5,0,0,115,1
37,19,1,0,14,78,41,1,4,12,1
103,140,11,27,74,71,628,0,0,61,8
43,0,10,191,14,21,18,0,0,6,6
28,41,12,51,4,1,154,0,0,23,4
18,26,7,30,1,30,1,0,0,1,0
17,0,2,29,20,272,0,0,0,78,0
675,627,17,2305,298,252,0,9,4,79,80
1449,2512,47,3001,211,801,93,9,128,159,102
141,82,3,19,2,1,124,0,0,19,0
279,670,7,60,91,321,3,1,2,4,13
2,0,4,39,0,0,16,0,0,55,0
8,49,10,33,1,1,0,0,0,21,1
110,110,5,441,16,18,20,0,0,21,9
64,91,5,118,2,2,2,2,90,31,2
1375,1426,16,258,20,22,62,1,7,14,7
2535,2301,90,9263,290,764,246,19,165,1740,243
75,124,3,1,112,101,0,0,0,3,35
31,31,16,185,16,13,13,1,2,6,4
4083,315,9,749,8,51,83,1,37,13,3
660,1019,14,590,58,56,66,2,12,24,15
48,0,10,166,0,0,3466,0,0,600,0
15,2,1,0,10,33,6,0,0,24,0
72,67,16,7,151,66,365,0,0,39,67
56,81,47,123,36,48,15,5,10,8,26
2,0,3,0,4,6,0,0,0,1,0
96,94,6,22,32,28,10,2,0,4,81
9,68,9,9,0,0,30,15,16,5,0
6,15,1,0,24,57,3,1,6,6,0
34,46,197,135,3,6,18,0,0,96,2
10,22,2,22,0,0,51,0,0,26,0
191,255,15,382,4,60,10658,2,0,1607,9
127,117,53,236,0,0,3,0,0,31,0
38,53,48,15,0,0,1,2,0,2,8
2053,1993,61,938,172,180,60,3,15,15,16
5,0,2,0,8,5,67,2,0,3,0
14,0,34,140,23,35,28,0,0,30,1
11,32,3,2,11,12,0,0,0,13,2
1089,2227,12,113,9,4,1,0,0,86,0
768,757,184,2837,172,311,117,16,38,100,134
34,82,18,87,2,3,1,0,0,4,1
575,1195,13,43,20,80,2353,17,11,6434,19
115,207,36,208,3,4,301,0,0,527,0
549,849,122,332,76,129,167,0,0,23,7
30,43,30,160,71,94,26,3,14,3,105
403,384,29,181,26,30,392,3,9,230,2
57,64,15,30,61,88,126,4,6,3,8
73,132,9,40,13,6,0,0,0,1,7
805,1220,27,696,4,0,17,7,4,3,0
1890,1913,25,1061,160,590,46,3,89,8,34
14,0,4,59,0,0,43,0,0,5,0
31,60,3,10,1,14,0,0,0,8,1
208,715,33,277,8,0,2,0,0,16,6
19,37,14,15,85,62,49,21,13,6,14
418,1082,5,418,2,18,882,0,0,81,7
51,89,25,161,57,229,51,2,2,50,3
96,143,101,1127,78,132,16,31,149,3,45
4,32,1,0,29,6,0,0,0,1,1
35,38,13,258,1,1,1,0,0,47,2
261,482,10,52,175,392,851,13,35,245,68
2,6,2,0,1,3,0,0,0,1,0
42,171,31,119,9,16,0,0,0,10,1
382,456,5,14,10,15,569,0,0,91,2
75,0,1,0,24,11,675,0,0,13,0
22,0,4,165,6,72,53,3,35,110,1
176,257,12,170,0,0,0,0,0,58,0
87,98,6,296,135,131,3,0,0,13,16
240,0,5,12,3,1,415,0,0,36,1
20,35,29,112,27,20,55,3,1,11,6
1200,1103,45,6077,0,0,731,0,0,701,17
16,23,5,53,9,25,1,0,0,9,0
86,140,201,358,0,0,7,2,1,473,0
285,590,50,106,15,11,537,2,0,39,2
126,78,100,994,141,323,123,22,30,106,57
51,25,71,52,17,5,1651,6,0,226,17
198,218,54,584,7,10,328,1,0,196,12
31,56,4,14,5,3,42,34,71,2,1
69,34,11,93,1,4,33,0,0,15,3
70,6,15,206,11,11,7,0,0,7,1
3,13,1,0,1,9,0,0,0,1,0
70,135,41,109,67,180,72,35,99,24,0
1,0,1,0,4,33,0,0,0,4,0
104,219,7,75,3,2,2,1,0,7,0
399,809,61,802,277,516,126,14,11,281,50
89,74,19,372,97,99,82,9,95,32,23
227,557,209,656,27,18,110,2,22,278,4
310,300,34,425,257,294,42,1,0,2,41
79,89,1,0,1,60,1066,0,0,47,0
3,2,6,37,1,2,3,0,0,13,1
71,3,38,649,10,109,14,0,0,199,5
38,0,3,19,1,1,96,1,8,2,0
86,133,3,10,28,357,357,1,0,54,5
3,0,45,184,1,0,2,0,0,137,0
167,254,34,266,10,33,825,0,0,536,3
67,117,22,259,0,0,191,11,6,76,0
11,9,2,0,14,177,104,2,2,15,0
1,1,4,0,0,0,2,0,0,2,0
29,55,10,6,81,188,95,2,1,32,9
45,0,1,0,23,98,0,0,0,1,0
401,615,181,505,2,2,446,1,2,802,4
50,0,8,219,0,0,459,0,0,1430,0
163,105,14,41,5,17,443,0,0,27,4
1,5,1,0,0,0,0,0,0,0,0
1141,2081,70,1218,111,91,32,14,45,29,95
12,24,1,0,3,13,235,0,0,7,0
2,0,1,0,20,68,118,0,0,66,1
7,15,2,0,22,65,117,0,0,6,0
62,75,2,35,5,21,204,0,0,59,4
57,80,33,249,1,7,401,1,6,324,0
142,350,1,0,6,249,275,0,0,191,1
1,0,1,0,8,3,0,0,0,1,0
205,457,1,0,13,248,933,0,0,95,6
19,0,22,20,7,2,8,18,19,3,2
90,112,5,153,5,81,152,8,120,159,6
257,424,3,36,13,259,4286,14,343,401,5
59,38,1,0,42,314,205,0,0,107,0
42,38,9,159,3,13,1,2,6,22,1
8,8,6,1,0,0,210,0,0,48,2
8,0,1,0,4,31,168,0,0,24,0
986,973,57,206,196,497,94,12,28,32,47
1,3,1,0,18,19,0,0,0,1,0
23,21,2,0,4,19,129,0,0,15,0
146,112,17,795,24,22,58,2,5,0,1
65,72,13,154,50,184,342,0,0,148,6
11,0,1,0,0,0,196,0,0,146,0
140,235,7,145,74,436,85,1,9,177,10
84,66,7,1,113,2,250,0,0,226,12
67,101,7,94,24,200,207,0,0,100,1
48,194,196,62,0,0,267,0,0,10,0
34,114,1,0,3,16,19,0,0,4,0
12,42,2,10,4,5,15,0,0,1,1
4,18,13,1,0,0,223,0,0,4,0
141,35,1,0,1,0,1591,0,0,54,0
118,139,14,20,42,39,101,3,1,3,3
590,2122,4,109,17,13,15,2,17,7,9
1846,1809,79,4258,101,110,290,6,45,166,155
44,27,21,38,61,24,34,2,0,6,36
75,36,6,69,9,15,447,0,0,41,3
28,14,11,4,57,77,416,0,0,22,6
105,101,14,283,62,77,3,1,1,11,12
325,293,73,2153,18,246,136,0,0,270,41
15,0,1,0,6,3,102,6,0,1,1
14,0,3,36,0,0,0,0,0,2,0
80,111,7,163,0,0,2,0,0,5,0
10,13,5,35,13,11,1,1,2,1,2
77,80,45,161,34,36,114,6,7,44,16
421,409,58,1409,229,281,96,1,0,177,54
282,802,5,52,1,5,22,8,79,11,4
3,0,4,88,0,0,2,1,0,136,0
292,664,32,485,13,2,29,4,18,560,2
97,133,47,398,3,4,386,0,0,243,0
126,116,10,90,139,131,71,5,9,5,11
38,72,18,59,2,0,21,0,0,28,1
39,72,6,159,0,0,3,0,0,15,0
137,350,9,127,71,29,18,0,0,8,1
7,0,4,10,0,0,0,0,0,1,0
123,119,20,74,3,2,0,1,5,4,0
59,143,25,152,7,6,620,0,0,130,0
48,50,18,135,32,64,59,0,0,45,2
1107,1093,82,1903,137,142,6,0,0,16,51
121,73,14,70,0,0,48,0,0,52,0
240,224,5,102,89,81,18,0,0,1,7
24,0,1,0,1,1,313,0,0,1,0
8,19,3,3,49,49,53,0,0,5,4
266,214,84,1815,46,74,1460,0,0,2228,33
5,13,5,30,2,3,0,0,0,5,0
31,111,5,13,252,464,8,1,0,7,11
484,771,184,1392,1,1,379,0,0,1490,3
7,45,6,9,0,0,0,0,0,2,0
57,15,64,628,0,0,182,0,0,918,0
5,43,6,7,2,0,4,0,0,2,0
28,0,7,45,2,3,0,4,6,0,0
213,237,6,32,184,289,67,4,5,6,64
119,139,41,238,19,17,72,10,69,10,15
979,1471,33,2687,19,18,8,0,0,153,18
223,225,10,62,0,0,1231,0,0,253,0
30,11,73,414,3,1,17,0,0,139,2
17,10,6,9,2,3,2,1,3,7,0
9,20,6,48,11,13,63,0,0,49,1
1117,2448,20,268,1,0,632,0,0,320,0
142,328,11,292,3,1,298,0,0,98,2
21,7,19,238,0,0,0,0,0,16,2
25,218,24,94,74,4,18,9,0,16,0
1,7,10,3,7,2,0,0,0,1,7
442,370,102,8362,290,4842,568,27,635,6802,389
2643,2432,23,4405,102,132,34,0,0,43,74
4,7,1,0,0,0,1,0,0,1,0
1,15,2,0,51,21,0,0,0,1,8
169,99,116,300,20,96,202,0,0,34,5
10,13,6,39,7,4,6,10,0,4,1
16,31,25,37,10,0,2,1,0,2,0
13,0,8,13,1,0,0,7,4,2,1
188,386,22,143,0,0,2,0,0,9,0
12,32,1,0,5,4,0,3,9,1,1
62,115,23,70,18,6,14,0,0,14,6
320,693,26,359,91,102,0,3,23,16,41
654,768,81,1353,309,297,53,0,0,24,147
115,114,5,11,1,4,540,111,210,145,5
41,0,4,316,7,12,3,0,0,12,3
841,843,26,2316,362,441,31,25,506,109,84
21,16,1,0,0,0,200,0,0,6,0
99,46,114,1233,0,0,2399,0,0,3195,2
16,35,4,1,0,0,1,0,0,1,0
14,31,16,76,0,0,23,1,12,3,0
15,38,1,0,0,0,8,0,0,1,11
2,1,89,1,17,28,0,0,0,2,4
553,1310,23,94,76,39,2,0,0,0,1
41,4,162,400,0,0,0,0,0,188,3
51,41,39,136,0,0,0,0,0,34,0
18,9,2,11,0,0,115,0,0,7,0
66,98,7,39,111,156,16,0,0,23,8
42,7,9,76,2,1,1,0,0,68,0
4,25,4,2,2,1,6,0,0,2,1
568,386,101,4201,204,332,92,13,202,114,143
13,14,8,5,3,3,0,0,0,1,1
148,483,32,142,12,20,4,3,15,5,4
571,751,47,1073,298,254,108,1,0,347,127
18,138,20,25,25,17,18,0,0,1,2
8,9,2,0,1,0,6,0,0,0,1
39,38,23,14,16,14,7,2,0,11,17
458,669,5,250,86,54,126,8,22,41,47
22,15,2,27,8,66,13,0,0,40,1
2786,4976,60,2735,34,64,6,2,42,139,41
749,893,47,733,135,281,341,0,0,135,35
8,21,3,9,4,11,11,0,0,1,0
25,0,3,1,11,7,33,0,0,2,0
10,69,20,8,56,53,1,6,0,3,19
15,12,70,368,0,0,33,0,0,137,0
10,0,52,13,0,0,4,3,2,2,0
11,3,65,18,15,1,22,0,0,20,0
13,3,1,0,8,142,0,0,0,8,1
126,187,5,77,17,143,915,17,99,138,1
21,3,3,9,1,0,1,0,0,1,0
1787,121,85,21135,280,2138,39,15,894,1271,349
47,54,8,50,47,39,19,3,10,27,5
30,123,15,67,0,0,3,0,0,2,1
415,516,29,1287,171,94,23,2,3,13,25
82,159,20,186,42,81,160,3,397,54,8
48,0,11,324,60,264,1,0,0,9,31
848,848,51,1121,221,272,151,1,0,53,95
48,29,36,744,20,21,0,0,0,6,3
89,0,5,97,52,60,295,2,0,20,8
8,14,11,18,10,10,11,0,0,5,3
147,366,9,78,14,62,40,0,0,6,0
4,41,5,2,0,0,5,1,11,1,0
21,66,2,8,2,1,24,1,6,3,0
33,0,2,100,6,20,116,3,9,194,2
87,215,1,0,3,30,124,0,0,2,1
1120,2002,9,273,39,43,116,2,1,4,8
2,5,2,2,0,0,0,0,0,1,0
139,179,14,75,28,22,0,0,0,4,6
33,61,8,120,86,107,0,0,0,1,9
216,885,7,12,0,0,0,27,4,1,1
9,0,10,160,2,23,147,0,0,94,6
34,38,8,89,0,0,4,0,0,1,0
65,108,1,0,21,54,235,0,0,1,2
535,717,106,433,29,33,40,0,0,58,27
1,0,3,4,1,0,23,0,0,3,0
30,14,9,212,4,9,238,0,0,94,6
429,607,7,23,19,41,1198,1,0,798,0
110,184,1,0,0,0,81,0,0,93,0
48,36,9,30,76,213,16,0,0,5,0
12,9,39,292,0,0,4,0,0,148,2
22,13,3,38,0,0,162,0,0,117,0
2,4,7,13,2,4,0,0,0,2,0
137,345,26,185,158,268,12,76,237,57,11
43,42,10,25,159,146,0,2,0,3,42
1,0,2,2,13,15,17,0,0,6,0
6,6,2,10,5,9,0,0,0,4,4
163,25,17,38,31,41,1384,0,0,9,3
133,205,5,155,0,0,506,0,0,21,0
26,14,7,25,2,1,0,0,0,2,0
429,556,21,1551,38,81,6,0,0,10,21
3,15,3,6,0,0,1,0,0,1,1
6,8,1,0,19,74,63,0,0,12,0
76,96,15,164,42,128,98,11,60,31,1
53,254,86,223,2,2,22,2,0,45,0
4,9,4,1,3,5,4,1,1,2,1
11,103,15,45,1,1,1,1,0,1,0
22,0,18,47,53,70,0,41,27,6,3
17,3,18,117,0,0,30,0,0,80,0
1095,2408,48,247,69,94,183,53,29,108,10
293,781,1,0,1,73,659,0,0,71,1
377,447,51,1431,95,152,34,0,0,33,18
290,593,31,537,124,111,12,1,7,6,16
52,68,69,109,3,6,2,0,0,26,2
34,23,101,418,0,0,33,0,0,305,0
7,11,8,9,1,0,13,0,0,1,1
129,130,60,492,40,56,56,3,21,28,27
36,128,11,30,63,68,12,4,2,3,10
28,76,4,6,0,0,23,3,19,2,0
1881,2517,167,8823,359,510,53,5,66,249,272
8,52,2,13,3,7,7,0,0,9,0
160,1062,4,19,0,0,904,0,0,20,0
6,12,3,2,1,1,1,0,0,1,0
334,593,99,206,18,18,40,0,0,202,4
8,22,49,17,13,10,2,0,0,1,5
4,9,2,4,0,0,3,0,0,3,0
1,0,1,0,0,0,0,0,0,0,0
345,277,13,1072,52,61,0,0,0,54,42
84,53,5,22,0,0,96,0,0,0,0
189,284,6,11,32,24,313,0,0,2,0
6,0,7,22,3,3,8,0,0,12,0
3,0,66,5,0,0,0,0,0,1,0
7,0,4,8,0,0,25,0,0,2,0
45,52,10,12,91,78,41,5,3,2,16
6,0,3,210,2,2,3,1,1,34,2
13,15,6,14,4,4,1,0,0,1,0
20,45,4,19,0,0,9,0,0,8,0
5,6,4,29,0,0,5,0,0,8,0
8,0,9,288,8,1,0,0,0,6,0
354,548,14,641,178,231,36,13,36,77,33
123,186,59,155,80,64,30,7,11,3,15
27,89,7,15,24,48,3,0,0,2,0
10,64,2,2,0,0,4,0,0,1,0
17,18,2,5,0,0,0,0,0,5,0
306,569,3,93,42,75,1183,0,0,1772,10
537,821,29,201,88,106,24,2,2,20,12
65,58,7,80,4,7,26,0,0,29,1
240,288,10,128,37,53,594,10,23,23,31
6,28,4,15,0,0,0,0,0,5,0
365,341,124,1840,217,304,18,21,15,74,83
5,4,2,15,2,22,23,0,0,15,0
11,42,12,49,60,127,2,3,5,2,7
22,0,5,43,2,4,2,2,1,18,0
60,100,25,87,0,0,65,0,0,16,0
200,424,2,1,17,12,12,1,4,0,2
114,219,2,1,15,105,597,0,0,21,1
39,89,1,0,1,0,31,1,25,20,0
18,0,10,23,47,49,95,0,0,8,9
33,59,65,61,107,106,37,23,20,5,10
127,206,1,0,0,0,104,0,0,36,0
1,18,1,0,0,0,2,0,0,25,0
20,0,8,125,5,2,11,3,1,48,1
5,1,5,3,0,0,0,0,0,1,0
1,0,1,0,1,12,1,0,0,12,0
74,155,3,9,70,49,0,0,0,1,3
2,3,1,0,16,18,0,0,0,1,0
3,1,1,0,6,6,4,0,0,1,0
10,34,2,6,5,13,0,0,0,1,1
71,105,29,69,47,12,118,2,0,9,0
399,556,175,739,0,0,676,0,0,957,0
138,179,35,645,10,9,0,2,1,54,6
9,5,2,6,0,0,0,0,0,3,0
418,1152,28,114,29,23,68,32,50,10,2
2275,2243,48,9213,294,305,174,19,157,216,616
71,84,17,267,0,0,4712,3,0,553,1
9,88,1,0,0,0,339,0,0,5,1
66,47,36,453,0,0,195,0,0,502,0
2,3,1,0,1,3,42,0,0,2,0
308,497,267,1021,18,21,0,0,0,258,4
11,0,11,207,1,0,240,0,0,382,1
110,126,2,0,69,6,127,0,0,21,0
7,0,4,37,1,9,263,0,0,17,0
470,1080,14,51,6,12,251,2,2,13,12
820,203,176,4430,301,299,39,10,149,65,220
56,0,19,170,66,66,2,0,0,2,8
35,37,7,54,53,164,72,1,4,7,2
17,0,2,0,36,152,109,0,0,36,1
932,62,46,282,90,139,3,25,17,11,34
10,26,8,0,17,14,50,22,6,1,11
59,32,2,3,4,3,16,0,0,1,0
54,133,144,221,0,0,0,0,0,35,0
5,5,7,8,11,12,31,0,0,3,0
38,64,49,450,2,2,122,2,5,49,5
1630,1498,86,7366,102,99,13,0,0,114,120
199,254,2,29,0,0,558,0,0,125,0
71,72,60,1126,57,44,7,2,0,9,97
139,226,84,375,1,0,639,0,0,579,0
8,7,1,0,3,22,0,0,0,14,0
8,25,12,47,12,5,3,0,0,1,0
69,55,88,1134,501,607,4,0,0,36,181
135,128,63,2504,71,138,23,0,0,418,31
2,0,1,0,14,2,1,0,0,1,0
862,2100,3,64,0,0,34,0,0,4,0
43,109,1,0,0,0,195,2,17,10,0
245,358,34,513,99,309,5066,15,16,4972,81
4,43,2,1,1,8,2,0,0,2,0
48,36,72,142,0,0,2,0,0,131,0
2,0,2,14,0,0,1,0,0,1,0
7,24,15,3,15,3,10,1,0,2,1
21,27,1,0,22,118,56,2,2,37,3
11,0,3,62,6,0,138,0,0,183,0
303,1153,44,157,23,23,134,1,7,2,3
14,10,3,3,7,4,160,5,10,1,0
19,5,1,0,11,81,0,0,0,8,0
15,32,4,64,0,0,385,0,0,62,0
59,150,97,46,10,12,200,6,1,22,0
8,79,2,0,3,7,13,0,0,1,1
322,0,120,308,110,111,37,35,32,4,15
36,87,69,229,63,58,50,19,31,2,12
8,7,7,81,1,15,5,0,0,67,0
10,21,2,201,14,36,0,0,0,93,4
8,26,12,15,11,9,1,0,0,1,1
334,331,41,1003,155,222,18,6,54,29,48
1,14,1,0,9,16,1,0,0,2,0
32,53,13,57,1,1,13,0,0,9,1
87,146,25,198,0,0,0,0,0,9,29
15,2,1,0,25,104,14,1,5,38,1
1,0,1,0,3,8,0,0,0,1,0
63,108,7,103,9,54,16,2,23,14,1
11,5,33,22,2,1,0,1,0,2,1
134,424,2,14,18,474,214,3,18,272,3
1,0,2,11,1,12,0,0,0,11,0
57,88,8,4,31,82,467,0,0,19,5
151,0,82,2241,11,69,3623,8,66,4817,7
12,0,31,604,2,0,450,0,0,611,1
81,60,156,2283,177,204,16,14,103,73,100
1,5,15,63,54,20,1,0,0,6,7
381,521,125,518,1,3,608,9,26,822,3
564,1207,18,328,0,0,549,0,0,5,9
31,49,31,77,164,224,2,8,10,2,46
203,204,27,160,83,221,2,4,1,11,71
113,151,13,90,124,109,17,0,0,1,18
44,0,20,148,80,61,4,0,0,1,4
35,17,112,1100,2,0,8,0,0,529,119
522,600,10,259,53,66,689,10,29,137,8
28,0,10,80,1,0,253,0,0,91,0
1181,1089,68,9898,477,657,77,14,389,169,305
43,59,18,79,32,61,771,0,0,62,4
48,122,11,61,11,11,1,0,0,2,2
61,47,6,23,67,71,39,0,0,2,6
33,9,1,0,142,1233,31,0,0,679,7
194,183,11,44,36,79,2206,275,88,294,17
1,0,1,0,100,96,0,0,0,27,2
260,644,13,97,30,7,1,0,0,9,6
172,260,20,834,16,24,402,4,5,220,10
2,11,3,2,0,0,6,2,0,4,1
2,28,3,2,4,23,3,13,0,4,0
2798,2847,65,2179,63,50,264,1,0,46,31
87,47,46,671,100,111,25,4,12,24,46
595,1846,59,304,12,10,155,0,0,196,12
5,0,3,11,29,112,0,0,0,27,0
7,1,370,133,0,0,124,0,0,57,0
1295,4502,170,1362,0,0,268,0,0,754,9
1,0,1,0,100,59,0,0,0,2,0
367,933,21,216,15,22,7,2,0,10,5
2,13,4,18,2,1,0,0,0,3,2
3,1,2,0,6,25,11,0,0,3,0
4,6,5,0,4,11,0,0,0,2,1
23,27,2,0,65,26,54,0,0,1,22
482,16,72,839,0,0,29,0,0,14,0
342,479,20,727,111,1225,342,3,22,934,23
78,236,7,21,255,424,58,5,6,8,57
156,169,11,102,27,247,8,0,0,54,2
871,1205,39,326,13,76,0,0,0,45,13
588,467,27,3226,99,451,9,0,0,164,97
25,30,7,22,37,28,6,1,1,2,4
2,0,1,0,8,40,0,0,0,19,0
45,80,67,414,71,81,25,4,17,23,29
3,0,1,0,13,57,2,0,0,12,0
81,47,70,568,14,47,74,1,8,66,5
17,0,31,312,0,0,48,0,0,114,0
50,28,46,158,127,118,40,8,37,8,13
1143,917,104,20811,241,240,249,12,250,293,252
51,52,14,414,4,32,763,0,0,301,5
73,102,3,7,2,1,8,0,0,2,0
16,32,6,195,6,1,10,2,0,36,0
808,2227,190,1658,2,4,5,4,18,2,1
65,157,1,0,33,145,18,0,0,37,0
12,0,1,0,18,63,17,0,0,2,0
104,342,4,27,1,1,10,3,16,2,0
36,5,1,0,4,26,597,0,0,39,1
3,2,2,4,18,62,0,0,0,4,0
89,165,25,74,122,287,431,39,124,8,17
82,31,1,0,41,314,1056,0,0,98,1
231,0,3,0,120,345,226,0,0,168,2
1,0,2,0,17,19,0,0,0,4,0
237,1098,17,61,256,451,223,0,0,468,67
11,9,15,6,0,0,0,0,0,3,0
1,6,1,0,6,20,0,0,0,3,0
8,16,6,3,14,5,41,1,2,3,0
16,0,6,184,11,0,116,0,0,90,0
1,0,1,0,31,95,16,0,0,27,0
100,117,4,1,19,198,294,2,11,136,3
6,11,1,0,1,12,1,0,0,7,0
157,108,30,232,170,147,5,4,29,17,105
13,4,19,95,13,33,16,0,0,30,13
154,90,99,4335,176,160,13,14,149,108,56
161,71,85,802,94,93,42,25,24,49,67
2,11,3,0,2,0,1,0,0,1,0
6,2,5,31,1,5,56,0,0,15,0
34,12,42,263,11,1,72,0,0,71,2
377,2263,10,80,1,0,6,0,0,10,2
511,1080,43,372,0,0,487,0,0,610,1
1,0,1,0,2,10,0,0,0,2,0
51,0,7,196,4,28,0,0,0,16,2
1168,1440,8,324,13,16,64,1,32,19,9
235,238,40,1334,1,1,1788,0,0,608,5
3,0,6,102,2,0,3,0,0,6,2
928,0,30,844,0,0,17,0,0,0,0
41,38,48,276,26,56,0,0,0,5,1
72,113,2,2,1,1,6,0,0,1,0
26,44,14,98,64,67,1,1,0,7,12
10,136,2,1,1,0,1,1,0,1,0
4,0,7,48,2,2,0,1,34,6,0
3,0,10,34,65,8,0,2,0,15,9
89,124,6,8,330,309,270,111,25,14,174
45,84,12,46,1,4,129,0,0,33,1
36,35,9,70,0,0,1,0,0,2,0
127,125,7,227,0,0,2,0,0,14,19
21,11,9,77,0,0,88,0,0,22,0
303,315,49,475,21,27,2327,32,13,110,10
16,17,3,25,0,0,11,0,0,1,0
638,1667,18,131,98,81,336,0,0,27,4
595,533,36,214,42,198,32,3,7,36,23
64,164,32,183,46,47,21,11,21,2,14
21,34,233,708,66,69,44,29,68,72,48
565,872,9,1148,8,8,175,0,0,166,45
10,18,26,7,38,15,13,0,0,1,3
710,1268,19,478,332,514,683,65,44,363,194
5,1,5,43,0,0,0,0,0,3,0
38,34,45,137,12,26,45,1,1,17,4
187,677,6,23,34,22,14,0,0,6,13
29,103,175,269,0,0,9,0,0,83,0
624,847,37,276,31,31,242,22,45,88,8
3,19,4,0,24,15,1,1,0,1,0
1,0,7,0,1,0,1,0,0,1,0
465,722,3,17,21,46,2372,0,0,1483,7
1,1,1,0,0,0,0,0,0,0,0
60,0,26,94,1,2,206,0,0,116,0
140,148,49,717,118,109,8,0,0,19,63
252,589,60,290,0,0,47,0,0,124,0
160,139,93,532,1,4,66,0,0,83,0
8,32,13,20,18,37,1,0,0,2,2
17,77,42,189,52,35,0,0,0,17,7
186,141,2,29,21,15,212,11,55,6,27
104,171,49,304,46,75,12,2,6,4,294
15,64,11,7,2,2,5,0,0,1,0
250,366,8,70,0,0,102,0,0,10,0
299,329,11,55,0,0,92,0,0,0,0
533,542,19,1635,6,88,904,0,0,516,39
1931,5074,4,441,0,0,47,0,0,325,2
499,1,9,1755,4,25,7,3,0,314,123
26,22,33,118,1,1,0,1,0,22,3
1,2,2,3,1,0,0,0,0,1,0
21,6,2,33,0,0,0,0,0,9,2
457,0,27,1036,100,128,1,1,6,10,53
572,1376,81,849,0,0,653,0,0,384,0
32,0,2,0,0,0,25,0,0,1,0
428,754,3,130,209,152,2,1,0,20,70
101,0,8,102,2,1,0,0,0,9,0
37,59,8,7,28,24,64,0,0,1,2
3,2,56,22,0,0,0,0,0,3,0
44,122,10,218,57,99,132,47,102,83,0
68,653,4,2,299,552,30,14,3,10,115
20,0,5,23,0,0,0,0,0,3,0
32,91,22,6,0,0,0,0,0,1,0
6,14,3,38,0,0,0,0,0,2,4
1109,996,55,4916,462,636,134,13,303,173,586
82,0,17,127,1,1,56,0,0,45,1
2822,0,1,0,5,2,119,0,0,218,0
215,238,51,176,129,130,173,3,0,77,17
147,231,52,502,3,6,146,0,0,162,1
2038,4993,139,1378,99,244,187,2,6,220,44
622,986,40,2814,86,266,207,9,208,426,59
66,46,29,59,66,97,18,3,1,4,5
15,49,7,28,6,3,1,0,0,3,2
16,15,70,194,13,9,129,11,1,38,5
36,9,1,0,0,0,701,0,0,8,0
7,11,48,35,0,0,1,12,3,38,1
5,11,51,32,4,6,1,22,19,39,0
159,127,18,1054,65,92,26,0,0,100,15
4,12,57,106,2,3,1,22,10,21,0
5,11,54,58,0,0,1,12,8,6,0
9,11,63,50,3,4,0,21,27,3,2
8,14,54,109,1,2,0,17,10,7,0
259,255,1,0,1,3,2465,2,14,11,1
645,642,6,446,101,213,43,5,78,21,64
281,308,70,2373,7,50,2571,1,19,589,9
316,484,22,165,2,4,2095,0,0,272,3
12,31,33,125,11,44,71,0,0,82,11
12,22,44,5,3,4,13,12,4,4,0
461,298,37,1283,448,487,570,29,99,71,270
68,116,4,17,58,118,1,0,0,3,4
1471,1625,30,2528,112,155,11,7,120,37,32
2,0,2,0,37,7,1,0,0,2,1
317,365,21,673,83,77,1,0,0,8,24
47,0,170,3316,15,16,150,1,0,3537,4
331,594,8,59,6,5,1525,0,0,283,3
93,296,21,72,26,44,27,2,6,1,7
577,907,9,241,6,7,15,0,0,6,4
78,161,45,157,20,18,2,1,2,14,0
1938,657,172,4465,60,208,114,86,1352,223,50
4,0,2,11,0,0,1,0,0,19,0
9,11,22,1,29,11,19,0,0,13,1
65,68,159,274,0,0,222,0,0,528,0
157,214,75,286,71,63,41,7,21,4,6
844,924,19,45,19,17,225,23,31,1,7
2,9,7,39,0,0,0,0,0,21,0
154,192,18,317,44,101,82,7,105,23,81
2,1,2,1,1,2,286,1,2,2,0
3,77,3,22,0,0,0,0,0,2,0
212,253,34,426,204,244,8,3,4,19,71
67,134,76,168,162,149,24,14,16,14,50
6,50,12,0,30,162,0,0,0,5,0
233,63,133,3559,364,473,25,23,214,63,150
85,101,22,103,20,14,6,9,18,11,0
3747,3544,148,6634,199,175,5,8,25,66,143
484,627,8,96,107,160,3,0,0,7,43
15,28,59,202,4,3,501,0,0,71,16
341,584,48,165,211,90,292,107,42,65,119
3,11,14,6,7,0,13,0,0,6,1
125,232,39,264,2,0,113,23,68,26,0
249,0,7,241,5,2,1,0,0,9,1
107,215,4,38,0,0,0,0,0,1,0
57,10,61,208,0,0,42,0,0,212,0
62,0,14,96,7,8,157,0,0,119,5
9,26,5,1,19,12,0,0,0,1,1
82,108,40,264,9,7,1,0,0,3,0
355,356,122,1041,187,132,50,16,32,22,102
32,34,9,147,21,44,1,0,0,12,2
16,3,99,248,0,0,327,4,4,1089,2
5,29,8,2,23,27,15,4,2,1,0
238,498,16,146,45,20,5,0,0,20,0
32,32,6,37,4,11,29,3,4,7,0
30,105,2,1,0,0,16,0,0,1,0
51,53,46,374,4,8,262,0,0,110,1
98,90,35,355,55,62,7,4,33,1,11
263,245,12,216,11,20,5,0,0,26,6
360,1034,232,1532,28,49,1,0,0,11,4
3732,7,66,15207,3,35,13,0,0,61,10
51,106,6,98,0,0,812,0,0,192,0
222,315,10,150,0,0,868,0,0,198,1
13,15,5,84,5,16,14,1,7,17,4
188,195,13,656,28,23,1,0,0,6,18
19,30,21,145,8,7,15,1,2,7,1
492,965,35,546,2,0,316,0,0,504,2
184,306,34,63,1,0,256,0,0,93,0
212,337,5,117,361,314,57,12,1,3,58
89,286,17,123,0,0,57,0,0,35,1
53,59,31,303,1,6,209,0,0,286,2
123,211,91,409,8,3,153,0,0,158,1
36,37,42,66,103,127,5,1,2,10,7
22,0,4,41,54,44,2,1,0,31,15
20,18,33,174,63,98,6,3,10,1,27
30,47,4,22,0,0,266,0,0,66,0
258,275,80,967,95,92,163,3,4,82,44
23,50,3,32,34,20,5,19,12,1,6
4,0,10,18,4,1,2,0,0,3,1
502,680,22,471,48,155,4,0,0,5,16
20,78,12,75,6,15,5,0,0,6,3
6,18,9,6,0,0,0,0,0,1,0
109,140,1,0,103,151,0,0,0,1,35
2,2,10,10,19,25,8,0,0,2,4
4,68,8,29,59,81,97,2,1,1,28
298,105,63,407,0,0,1921,0,0,871,10
66,68,44,243,114,124,5,10,23,14,70
35,122,1,0,27,37,23,4,0,5,5
3,26,45,18,7,6,0,0,0,17,0
17,17,9,99,8,16,7,0,0,8,7
36,93,63,59,25,47,17,4,6,1,3
414,272,40,399,587,1305,283,94,634,679,270
65,85,40,406,79,77,8,0,0,13,22
76,349,1,0,18,33,86,0,0,19,2
639,820,26,2476,18,15,581,0,0,166,15
36,0,8,70,4,2,182,0,0,132,0
28,15,23,180,24,26,35,0,0,27,12
242,148,42,1029,288,641,21,15,69,76,230
469,554,19,133,299,315,147,19,40,53,80
52,117,9,9,0,0,49,59,161,22,1
1,0,11,0,1,0,0,3,0,0,0
2,0,7,1,0,0,9,0,0,6,0
2,1,3,2,0,0,0,0,0,2,0
58,94,18,71,1,1,25,0,0,13,1
75,184,42,97,31,41,3,1,2,3,1
18,98,2,9,0,0,7,0,0,2,0
254,487,56,415,30,18,387,1,3,342,3
22,33,28,23,0,0,183,0,0,282,1
103,170,5,139,0,0,0,0,0,6,0
2,0,4,17,0,0,3,0,0,17,0
41,17,23,483,0,0,76,0,0,424,2
35,142,19,82,7,5,3,2,8,12,3
16920,5983,20,17479,257,526,45,3,94,44,53
57,143,40,235,41,34,35,3,2,34,4
537,1387,30,538,48,36,27,20,4,140,53
17,0,23,59,0,0,16,0,0,14,0
20,0,199,215,0,0,1,3,1,158,0
16,87,54,225,0,0,305,0,0,36,0
26,48,4,6,14,50,42,1,2,35,0
380,537,108,1144,88,115,15,0,0,15,30
2,4,1,0,2,3,0,0,0,3,1
10,0,13,26,0,0,4,1,1,1,0
16,53,46,106,5,6,11,6,17,17,0
28,37,5,20,0,0,1,0,0,4,0
249,374,3,64,81,389,936,7,5,259,19
576,610,6,95,92,110,14,0,0,6,11
82,0,39,111,54,94,133,13,36,81,5
141,151,90,693,21,64,41,7,18,16,15
194,354,54,699,166,285,4,7,45,10,114
1249,1870,46,520,420,427,19,25,119,44,38
2309,2528,14,597,20,36,8,0,0,178,10
16,5,3,2,1,1,462,2,0,3,1
2,0,3,42,0,0,1,0,0,5,1
62,75,221,512,19,17,210,1,0,517,2
1545,4505,10,165,2,0,82,0,0,8,1
280,102,18,300,2,4,3651,0,0,240,0
54,60,32,253,0,0,3,0,0,132,0
9,12,3,90,2,2,1,0,0,3,2
179,227,8,217,6,1,3,0,0,5,1
38,47,2,14,0,0,13,0,0,20,0
2001,1752,39,669,196,375,694,23,37,45,40
215,0,72,91,1,3,247,0,0,119,1
1,8,55,52,0,0,38,0,0,38,0
123,2,9,94,0,0,276,0,0,76,0
355,200,93,176,55,111,135,0,0,9,6
21,136,7,3,75,135,20,0,0,1,5
7,12,1,0,84,61,2,0,0,2,1
7,5,2,7,0,0,0,0,0,3,0
296,252,49,1816,187,208,24,1,21,27,116
591,1067,33,374,11,4,449,1,0,49,7
1,0,19,185,153,176,26,8,27,11,26
163,248,4,236,19,22,17,0,0,3,3
764,1372,53,772,11,30,890,1,2,606,0
106,149,4,54,1,0,3,1,6,4,0
12,93,177,36,208,206,18,54,6,21,42
13,0,28,126,26,31,0,0,0,2,2
14,22,12,38,5,4,0,0,0,2,2
25,7,10,169,1,2,1,0,0,6,12
1,1,1,0,0,0,0,0,0,1,0
36,32,44,243,29,35,18,0,0,3,28
79,146,3,44,8,104,854,8,83,207,1
61,129,9,2,92,71,3,1,0,1,2
30,54,4,7,130,209,0,0,0,8,32
221,452,51,69,27,38,5,33,22,18,3
12,55,45,18,18,11,60,1,0,2,0
236,131,27,1436,85,81,17,0,0,18,54
405,447,23,2168,21,22,74,0,0,24,17
235,294,23,478,211,334,39,0,0,36,54
9,1,2,8,0,0,268,0,0,10,1
20,70,2,3,17,9,2,0,0,2,2
35,23,31,331,0,0,35,0,0,0,0
24,15,48,229,27,31,18,13,25,5,8
11,39,3,5,80,3,1,4,6,1,0
765,363,79,1467,22,76,0,0,0,12,0
1,2,1,0,5,5,0,0,0,1,1
4037,5000,64,989,180,39,244,1,0,52,13
109,1770,8,20,0,0,0,0,0,1,0
10,20,25,51,58,71,190,230,80,15,6
3,9,3,3,0,0,2,0,0,2,0
119,107,31,167,30,32,0,8,30,17,9
71,189,36,209,21,40,2,0,0,16,4
37,7,3,23,0,0,16,0,0,2,0
5,4,12,2,1,1,116,1,0,5,0
24,30,34,129,21,39,1,0,0,48,15
182,215,18,99,36,23,16,0,0,3,2
21,0,20,38,17,2,8,0,0,11,4
95,0,6,139,4,5,1,1,9,3,0
49,59,9,15,11,10,2,1,0,2,6
71,63,2,7,4,3,67,0,0,3,0
1315,1871,113,1517,171,409,881,51,296,660,59
233,536,24,269,5,6,160,0,0,33,1
221,263,16,284,15,17,1,0,0,53,6
2,5,8,14,23,2,1,0,0,4,1
96,150,6,35,30,19,354,0,0,9,1
252,452,20,490,14,78,13835,15,52,3664,7
85,121,21,214,150,114,4,0,0,6,13
205,497,28,99,17,20,43,0,0,14,0
134,45,168,1569,70,69,63,2,8,14,39
869,1337,120,4585,121,157,4,0,0,76,42
9,2,28,79,0,0,122,0,0,62,0
95,153,10,27,37,51,101,0,0,3,7
216,500,6,10,30,42,131,4,11,5,1
62,13,65,281,105,88,85,11,0,35,44
7,178,2,2,0,0,5,0,0,0,0
105,302,2,3,4,54,4,8,0,2,1
8,13,26,481,12,12,4,0,0,11,4
16,47,9,24,0,0,26,1,2,5,0
5,0,3,4,0,0,0,0,0,1,1
11,0,109,381,0,0,254,0,0,692,1
29,87,42,56,21,33,31,1,0,5,5
210,0,21,840,188,237,18,4,2,41,61
34,106,12,60,46,60,0,0,0,5,12
106,84,28,79,98,111,304,8,12,4,17
2,7,11,27,0,0,49,0,0,34,0
245,305,41,1014,65,112,21,3,26,17,10
115,130,11,91,8,7,7,0,0,8,3
43,69,7,4,33,29,71,0,0,3,0
239,250,132,238,252,224,92,1,0,36,106
7,6,1,0,1,1,32,0,0,1,0
24,3,2,33,0,0,1,0,0,36,0
162,158,9,440,6,4,397,0,0,51,6
69,31,136,2502,7,51,1596,0,0,1284,3
6,0,94,113,0,0,8,0,0,18,0
111,0,18,121,129,135,5,0,0,28,27
6,3,1,0,14,21,48,0,0,5,0
366,712,3,34,10,10,43,0,0,19,4
762,812,17,425,25,70,87,0,0,71,26
64,81,19,28,28,36,64,2,4,2,1
5630,5679,187,39984,488,1522,256,7,229,1810,1283
26,78,6,28,4,9,13,0,0,10,1
71,150,47,503,0,0,23,0,0,101,3
12,1,23,268,0,0,0,0,0,245,0
22,34,13,155,18,11,5,4,16,2,3
9,4,5,12,4,2,7,0,0,1,0
1,58,1,0,1,80,0,0,0,1,6
184,290,84,369,1,0,0,378,625,1000,3
1660,774,292,33152,272,542,113,22,722,429,797
186,288,4,34,0,0,0,0,0,3,0
3,2,2,0,22,9,84,0,0,2,1
24,100,2,8,10,9,10,0,0,1,2
918,1937,38,577,509,570,1,0,0,27,235
30,1,5,114,0,0,0,0,0,8,5
38,74,10,10,254,214,13,11,8,5,32
171,190,373,2571,97,237,10,31,159,22,65
73,7,7,243,1,18,10,0,0,220,1
5,18,8,2,5,0,5,0,0,1,0
3,0,5,4,0,0,0,0,0,4,1
312,0,34,1452,1,2,10,0,0,0,0
44,0,21,190,26,13,0,0,0,5,2
12,11,14,26,9,5,9,3,6,2,1
211,189,23,113,398,659,153,29,29,53,128
168,289,28,415,167,151,6,6,16,32,49
4,0,27,2,7,14,2,4,0,1,0
76,0,10,294,68,92,5,0,0,3,3
331,434,166,685,276,274,81,19,52,26,185
9,8,3,2,0,0,0,0,0,1,0
425,548,55,1419,206,286,419,5,20,199,34
29,37,62,117,14,20,113,1,1,13,4
30,0,175,540,0,0,19,1,2,809,0
346,605,4,189,2,2,1,0,0,1,0
239,1154,6,188,0,0,0,0,0,5,0
8,6,8,17,1,1,5,0,0,5,0
5,4,3,13,1,1,8,0,0,4,0
26,0,4,17,8,6,1,0,0,1,1
30,0,5,23,0,0,4,0,0,1,0
37,0,4,10,0,0,3,0,0,2,0
39,0,4,5,0,0,6,0,0,1,0
250,356,72,170,0,0,248,0,0,366,0
12,4,7,31,0,0,1111,0,0,166,0
24,25,24,145,0,0,7,1,1,32,1
835,930,68,1241,140,313,170,8,29,132,503
57,229,14,46,3,2,167,9,14,3,4
4,2,102,5,0,0,0,0,0,1,0
400,770,10,28,94,83,198,2,15,4,12
1,15,1,0,15,14,19,0,0,1,0
161,289,6,195,21,69,420,3,47,122,4
66,0,16,88,106,128,20,6,15,6,21
1157,1746,120,2437,212,283,238,41,143,51,396
318,346,22,856,27,19,2,0,0,66,21
2,5,4,56,0,0,16,0,0,6,0
617,722,18,626,74,79,32,7,21,30,21
216,294,69,91,0,0,197,0,0,373,1
153,416,19,52,1,1,1,0,0,1,0
5,0,5,20,0,0,3,0,0,4,0
203,295,51,560,4,62,858,0,0,598,3
27,24,2,90,1,0,2,0,0,20,0
3,0,1,0,4,23,1,0,0,1,0
3,113,1,0,1,0,33,0,0,0,0
13,12,4,69,11,11,0,0,0,1,10
340,386,7,227,19,159,1450,1,0,444,14
796,821,161,1509,197,268,36,6,19,128,31
3479,1485,347,65819,691,1459,950,48,1405,1051,2430
21,0,7,0,92,0,13,0,0,55,92
140,348,42,305,239,1086,161,0,0,33,61
5628,5465,642,75889,214,288,106,2,29,2167,363
1871,3743,97,570,187,207,203,57,173,37,19
83,0,7,157,35,297,404,4,115,97,11
284,511,11,115,0,0,2796,0,0,74,0
44,18,1,0,127,558,131,7,7,212,2
3014,74,17,20139,34,24294,29,5,692,5398,141
12,70,3,25,0,0,6,0,0,1,10
430,1091,58,797,4,5,63,23,10,19,1
42,0,61,403,1,2,940,77,18,141,4
962,1362,9,1678,69,104,9,1,137,33,84
8,4,4,6,0,0,18,0,0,6,0
2209,0,90,1831,100,192,119,13,94,10,2
133,103,27,71,188,469,97,1,4,139,26
575,1177,16,211,5,19,4,0,0,12,1
458,1182,70,237,3,3,4700,0,0,999,6
51,82,147,889,122,138,37,7,21,16,44
126,246,25,75,74,63,15,4,8,2,51
30,39,4,20,5,9,0,0,0,1,0
3048,2811,346,13151,202,250,103,2,53,41,242
70,0,6,4,11,4,189,0,0,2,0
8,0,1,0,3,2,1,0,0,1,0
6,7,10,39,1,2,12,1,4,13,1
184,184,57,165,33,18,11,0,0,3,2
1218,2012,13,3451,37,28,112,0,0,77,37
179,215,13,683,23,15,22,10,4,15,0
431,856,19,51,208,190,45,71,55,116,72
5,14,2,20,0,0,1,0,0,11,0
8,7,43,108,0,0,65,0,0,83,0
18,2,48,0,0,0,1252,0,0,157,0
15,24,3,2,0,0,32,1,0,2,0
201,288,11,96,17,14,5,0,0,4,0
205,322,40,482,62,95,11,0,0,19,9
12,35,102,43,0,0,22,0,0,9,0
355,956,6,68,18,25,43,0,0,6,5
217,913,29,98,30,15,0,5,11,11,18
117,89,72,1652,133,149,15,0,0,1,25
116,1746,109,574,1,0,13,1,7,78,2
876,2006,9,52,70,49,601,0,0,121,17
27,21,33,160,0,0,15,0,0,90,1
14,0,81,21,0,0,371,0,0,385,0
466,1165,3,37,0,0,4,0,0,9,0
6,18,17,37,6,29,5,1,1,7,2
401,902,15,49,11,12,84,0,0,4,2
314,343,37,104,0,0,870,0,0,74,1
24,24,35,102,43,181,2,0,0,2,5
6,0,2,0,16,27,7,1,0,1,0
301,1211,31,307,2,1,5,0,0,199,0
933,7,15,19671,1,1,52,9,179,0,0
2,6,1,0,59,12,0,0,0,1,3
26,10,3,13,3,1,0,0,0,2,2
583,601,16,222,21,19,1,3,2,8,6
246,390,54,24,154,128,204,42,53,2,14
9,8,5,9,56,85,0,9,41,5,4
10,37,6,3,88,38,0,0,0,0,6
14,0,5,5,5,8,9,0,0,1,0
48,105,4,72,0,0,1,0,0,3,0
42,34,64,459,45,57,13,0,0,9,22
181,490,68,388,8,26,113,2,13,10,4
1,0,13,25,1,0,31,0,0,8,1
36,0,6,20,76,66,890,0,0,26,14
8,0,74,59,0,0,20,0,0,29,1
11,6,28,1,2,0,85,0,0,5,1
55,0,13,18,89,77,0,0,0,2,11
433,548,34,1518,137,166,50,2,3,16,21
1237,1194,81,1618,422,491,155,4,26,173,122
95,25,9,19,0,0,488,0,0,45,0
4,0,15,168,1,1,70,2,0,67,2
99,94,50,700,55,319,830,0,0,1454,56
64,96,127,525,0,0,246,0,0,383,0
26,24,8,58,2,12,12,3,14,14,5
12,200,21,15,1,0,1,0,0,1,0
74,273,4,47,2,3,0,0,0,4,0
20,20,14,96,1,0,0,0,0,2,0
1,0,100,26,0,0,0,0,0,13,0
160,127,87,342,98,133,36,35,76,49,62
13,0,227,97,1,0,45,0,0,49,1
13,111,3,7,0,0,2,0,0,0,0
2,21,10,0,63,36,0,0,0,6,1
232,339,24,305,0,0,224,0,0,227,2
569,74,349,10960,568,606,29,20,271,140,635
530,120,6,41,13,11,330,9,2,5142,376
5,0,10,90,0,0,3,0,0,33,1
4,24,35,10,12,11,1,60,4,3,1
29,68,5,12,0,0,20,0,0,3,0
13,0,1,0,0,0,519,9,0,2,1
52,53,32,464,73,59,2,2,5,10,8
17,278,2,4,0,0,0,0,0,1,0
193,0,273,439,125,79,81,0,0,85,56
24,22,13,64,0,0,9,0,0,46,1
11,9,46,68,33,17,1,0,0,3,12
78,220,34,194,1,0,452,1,0,86,0
26,65,4,3,55,141,3,0,0,20,2
6,22,3,1,33,41,43,4,1,39,1
22,1,7,40,1,0,0,0,0,1,0
58,112,76,67,0,0,0,0,0,8,0
110,115,64,109,86,99,23,0,0,264,86
92,101,19,304,60,195,0,0,0,7,3
134,480,6,62,4,18,53,0,0,7,1
810,1468,20,304,100,79,21,5,32,30,42
23,25,64,153,195,188,15,5,39,4,78
86,107,7,468,24,20,90,1,0,33,4
157,95,43,152,258,246,1,70,88,13,48
20,20,1,0,0,0,2,0,0,6,98
48,6,145,608,0,0,0,0,0,475,1
63,39,33,69,13,76,1,1,2,2,26
25,70,7,55,33,15,11,4,49,18,6
67,7,7,124,23,20,0,0,0,5,15
822,77,9,669,84,124,214,3,72,37,63
7,93,13,0,82,18,1,7,0,2,0
53,103,38,177,40,39,53,3,4,2,30
140,292,23,558,21,57,74,15,217,170,17
12,12,2,4,29,29,0,1,0,1,3
36,0,1,0,0,0,267,0,0,53,0
207,188,32,369,255,353,24,4,16,38,42
1868,1537,473,41087,239,258,14,5,32,732,569
21,38,39,91,31,21,2,8,4,4,7
1194,1346,109,2117,152,1015,1043,16,183,887,41
6,32,9,14,69,53,4,1,1,5,5
60,26,24,198,0,0,0,0,0,21,1
2,8,6,0,9,0,1,1,0,1,3
1433,1330,119,3921,459,979,68,21,137,109,232
41,60,51,185,160,158,7,4,17,5,58
199,0,55,493,5,6,28,0,0,498,6
532,942,11,71,145,183,744,40,34,47,21
391,453,143,576,5,8,249,0,0,497,1
497,375,240,1438,0,0,8587,0,0,3581,2
514,0,23,3250,100,94,2,0,0,33,64
438,1538,56,439,30,6,18,9,25,88,15
95,0,13,57,0,0,98,0,0,6,0
36,42,71,165,64,86,25,27,27,5,6
2,7,1,0,14,10,0,0,0,2,1
14,5,3,30,1,2,58,0,0,26,0
293,403,43,445,55,47,21,3,13,8,20
49,47,34,304,51,31,1,0,0,14,8
126,426,38,154,272,385,64,46,37,46,53
21,42,27,2,14,21,543,2,0,8,3
230,248,58,574,264,780,145,106,78,184,127
298,275,31,90,41,20,39,8,17,9,70
1,4,2,0,0,0,1,0,0,1,0
321,706,19,307,14,1,334,0,0,95,2
78,4,95,818,0,0,539,34,15,1146,0
128,282,127,367,0,0,496,0,0,486,0
20,0,4,81,0,0,51,0,0,144,0
26,30,4,58,0,0,39,0,0,114,0
553,1076,80,562,13,29,524,3,8,278,6
526,302,115,6879,139,207,20,4,158,84,67
29,44,1,0,57,29,1,1,0,2,11
81,182,75,224,4,5,5,0,0,75,2
43,42,2,5,8,20,185,0,0,1,2
182,443,14,28,11,7,40,1,12,8,3
240,231,27,104,11,18,202,0,0,8,4
51,90,8,40,17,23,17,4,8,6,5
78,106,13,80,28,42,15,0,0,1,2
99,182,39,203,1,1,3,0,0,146,0
172,151,132,1543,468,602,35,11,60,25,304
110,278,23,371,184,395,159,7,2,71,19
693,834,206,3618,293,282,25,8,54,19,272
87,239,36,140,0,0,550,0,0,269,0
291,1095,19,52,7,7,11,7,8,2,1
622,623,98,2775,247,337,283,15,177,120,184
16,90,16,40,7,4,5,0,0,1,1
1051,1132,18,648,16,24,20,0,0,31,2
271,293,33,409,161,187,12,2,18,10,37
95,147,14,268,2,4,17,1,11,49,2
84,105,35,92,275,863,0,3,7,37,39
59,142,6,79,81,155,28,0,0,3,27
102,304,2,0,4,8,0,1,0,1,0
94,0,12,131,41,203,134,1,6,34,2
132,766,28,13,6,2,9,0,0,1,1
175,424,4,8,1,0,2,0,0,1,1
38,69,2,1,26,24,2,0,0,1,3
224,250,84,446,415,598,8,3,14,14,93
53,294,32,173,0,0,2,0,0,76,0
16,74,4,25,0,0,2,0,0,18,0
2012,2584,211,2837,71,103,44,3,0,479,19
234,304,5,1,348,634,473,2,1,63,50
260,332,59,1920,97,136,35,1,7,60,24
3,6,8,12,28,11,43,0,0,8,2
69,79,20,160,11,10,167,6,8,15,0
802,576,688,17614,145,360,144,102,860,141,550
264,5,98,168,0,0,0,5,5,17,0
17,14,5,41,2,1,0,0,0,7,3
116,167,1,0,0,0,1,1,0,3,279
1,0,19,2,0,0,0,0,0,1,0
42,197,41,151,159,288,8,32,66,26,63
73,65,8,96,1,1,97,0,0,24,0
32,0,14,50,0,0,0,0,0,23,0
4,11,10,4,8,2,3,1,0,2,0
1,1,8,10,0,0,0,0,0,1,0
15,30,37,112,73,68,1,1,3,5,14
146,73,15,115,40,154,71,3,21,20,31
24,0,15,106,0,0,1,0,0,17,1
5,14,7,8,0,0,5,0,0,4,0
1,0,2,3,0,0,0,0,0,2,0
415,1629,13,337,245,712,5915,8,20,692,85
58,50,92,243,30,0,0,16,30,203,30
1895,3926,19,63,29,32,143,11,9,7,2
3046,1488,174,36182,742,978,525,27,198,847,1856
1,3,3,0,35,17,0,0,0,3,0
268,281,35,318,178,215,182,0,0,15,25
15,21,29,12,33,24,2,39,26,0,3
56,73,17,91,19,20,47,7,40,22,10
114,3,2,4,0,0,895,0,0,181,0
15,8,3,9,0,0,6,2,4,1,0
110,210,5,116,1,1,252,0,0,16,0
67,3,1,0,0,0,987,0,0,126,0
212,419,152,566,0,0,796,0,0,1378,0
45,79,16,260,11,14,9,3,20,46,4
58,61,47,704,43,35,7,28,35,9,8
115,74,116,1117,161,165,50,1,0,8,52
9,0,23,72,8,0,72,0,0,23,1
25,20,1,0,1,9,103,0,0,5,0
3,1,13,32,0,0,1,0,0,5,0
13,25,26,55,69,78,3,6,7,1,33
21,17,94,246,0,0,171,0,0,194,0
111,108,24,241,18,22,139,0,0,133,4
2,4,2,4,1,5,13,0,0,2,0
16,76,8,8,5,4,0,0,0,2,0
31,49,4,94,1,2,77,0,0,13,0
67,0,12,27,6,12,79,0,0,0,0
92,197,215,595,0,0,0,0,0,171,1
6,0,7,17,11,2,0,0,0,3,3
71,0,1,0,0,0,799,0,0,14,0
360,477,2,2,93,79,20,2,0,3,33
16,28,22,21,0,0,0,0,0,11,0
10712,16,31,56921,74,5895,1,0,0,1,1
136,149,146,2255,255,352,68,28,372,18,129
440,462,5,161,118,132,46,4,80,9,28
88,130,45,182,1,1,227,56,126,358,1
9,0,5,2,5,4,10,1,1,4,0
53,58,26,181,67,55,21,13,26,9,133
611,2361,16,175,8,19,13,0,0,13,6
298,0,11,171,72,88,57,0,0,56,14
67,0,7,212,1,1,25,0,0,17,3
84,4,25,38,0,0,417,0,0,199,0
25,34,111,73,13,9,44,7,8,53,5
8,5,2,18,0,0,60,0,0,4,0
26,24,25,63,14,14,62,1,0,11,6
12,10,7,3,1,0,0,0,0,3,0
81,0,4,296,0,0,0,0,0,11,1
7,3,36,54,22,11,0,0,0,9,8
92,49,1,0,0,0,267,0,0,13,1
32,0,100,153,0,0,16,0,0,49,0
100,108,1,0,2,2,100,0,0,12,0
253,438,11,733,17,15,100,59,56,46,20
7,11,7,11,1,2,2,0,0,2,0
60,90,48,302,0,0,85,0,0,171,0
340,1477,20,16,99,49,72,11,1,5,4
503,874,39,624,20,7,1795,1,0,526,3
22,54,15,37,64,47,22,0,0,2,2
66,106,43,139,5,10,70,1,2,61,5
8,15,2,111,3,13,14,0,0,16,0
58,50,4,241,4,1,84,0,0,16,1
88,149,4,183,0,0,66,0,0,21,0
151,177,5,117,18,18,2,0,0,2,9
31,20,5,69,14,25,72,0,0,21,0
51,49,100,724,0,0,6,0,0,671,0
51,72,46,497,58,95,8,1,7,4,40
19,1,4,60,0,0,21,0,0,10,1
31,246,34,100,141,281,399,30,1,19,17
31,143,2,1,1,7,109,0,0,6,0
34,38,35,169,62,55,6,1,3,8,10
742,745,37,813,30,53,61,0,0,298,14
493,989,27,82,8,2,80,177,381,407,3
230,982,12,15,5,0,0,0,0,1,0
32,84,2,10,2,11,105,0,0,9,0
8,0,25,263,0,0,0,0,0,78,0
33,37,32,105,17,12,1,3,2,0,13
11,0,25,236,0,0,85,0,0,80,1
14,56,6,1,147,76,156,47,8,8,3
22,89,3,2,0,0,90,0,0,1,0
15305,16583,81,1365,152,330,68,0,0,31,4
3,12,5,6,3,2,0,4,2,1,1
48,59,12,16,302,370,54,4,14,6,56
793,1064,48,729,104,116,102,9,14,37,65
96,22,18,219,0,0,6,0,0,12,0
79,106,3,147,3,4,12,0,0,20,1
70,337,3,11,0,0,51,0,0,1,0
99,20,20,675,7,29,72,11,39,66,4
1998,4177,163,1051,167,124,319,7,11,242,95
42,165,13,51,1,1,76,0,0,14,1
8,28,7,1,0,0,4,0,0,0,2
61,65,138,320,7,9,229,0,0,206,0
500,418,40,1345,168,136,1,0,0,26,19
98,277,90,145,273,164,383,363,181,94,141
72,90,29,76,106,151,100,26,20,32,9
129,0,3,38,0,0,51,0,0,1,0
20,42,53,247,123,129,10,3,13,4,107
1844,1809,28,650,21,14,412,0,0,48,22
2953,4819,356,27614,476,421,13,12,569,204,993
9,29,5,28,3,22,18,1,1,28,1
30,9,32,137,0,0,62,0,0,93,0
33,57,6,81,9,9,507,0,0,45,2
148,100,17,877,17,58,38,0,0,75,8
50,56,3,98,1,1,0,0,0,21,0
2,3,8,48,1,0,0,1,0,35,0
30,141,4,2,127,66,6,1,0,2,2
37,36,65,283,81,64,20,10,12,7,20
18,91,49,76,72,42,0,1,2,2,28
243,802,26,179,33,116,65,7,84,14,12
144,233,95,332,2,0,30,0,0,477,0
260,569,15,81,76,72,26,0,0,6,16
4,6,5,7,50,21,0,0,0,2,16
155,177,19,87,51,42,116,30,70,12,7
98,125,36,510,71,66,8,3,38,6,101
3,1,6,1,31,37,1,0,0,11,3
25,60,37,122,14,9,4,1,2,17,4
624,618,239,13237,390,1040,97,274,5677,744,313
32,29,53,225,111,130,3,1,1,2,36
2,0,3,24,0,0,0,0,0,9,0
450,215,449,6632,457,500,81,18,168,49,537
30,0,14,221,14,10,14,0,0,13,1
100,16,4,16,41,42,1,1,0,2,158
78,16,3,242,0,0,6,0,0,34,1
5,52,2,0,8,5,49,0,0,3,0
2,4,1,0,19,30,0,0,0,1,2
98,197,10,538,6,7,25,0,0,34,1
265,422,40,222,1,0,430,0,0,170,0
187,186,4,178,0,0,110,0,0,47,1
395,756,22,949,6,19,1433,2,12,322,6
45,76,9,25,161,194,8,0,0,3,14
87,123,2,21,0,0,68,0,0,4,0
10319,6091,142,15621,75,2970,165,20,508,26,20
408,792,4,74,0,0,107,0,0,29,0
40,10,5,351,0,0,70,0,0,37,0
171,0,111,226,0,0,0,1,0,560,3
110,103,5,126,1,1,1,0,0,12,0
10,0,263,28,0,0,0,0,0,6,1
81,18,6,298,2,2,43,0,0,35,1
15,0,10,37,34,30,103,24,22,21,4
129,133,9,120,8,51,14,0,0,2,1
671,778,18,352,14,89,96,0,0,89,0
34,0,6,38,2,0,56,0,0,6,1
82,12,5,48,1,0,48,0,0,5,0
15,32,14,19,20,19,0,5,6,0,3
49,13,1,0,1,4,2,0,0,1,0
66,96,22,820,0,0,90,0,0,135,0
4,9,10,17,2,0,16,0,0,1,0
24,22,1,0,3,5,105,0,0,8,1
115,111,1,0,3,2,103,0,0,1,4
1349,2457,16,407,74,131,918,26,56,66,62
20,0,32,371,107,132,48,0,0,121,10
57,213,7,7,157,469,14,0,0,26,4
386,472,132,1732,110,127,622,9,4,940,40
29,0,16,147,3,1,14,2,4,61,1
28,134,1,0,0,0,107,0,0,6,0
49,21,176,1095,1,3,0,1,3,935,4
43,0,4,133,3,0,92,1,0,10,0
101,84,3,66,6,14,104,0,0,19,0
10,8,3,27,0,0,0,0,0,2,1
11,45,33,63,0,0,0,0,0,4,0
413,987,35,873,44,41,24,1,23,18,19
32,57,3,170,0,0,8,0,0,19,0
717,1550,14,434,4,7,84,0,0,271,2
168,228,11,56,520,208,193,0,0,15,165
42,43,71,592,332,575,7,2,9,28,90
24,28,5,99,0,0,78,0,0,11,1
2390,0,24,10872,7,1453,50,1,55,2577,111
89,109,56,380,238,268,286,103,58,369,236
106,146,15,287,12,41,95,2,3,59,1
257,259,67,1465,301,271,197,0,0,15,61
142,161,54,1233,181,149,2,0,0,31,26
53,348,9,80,11,2,0,0,0,5,0
196,189,7,984,19,45,85,0,0,111,1
5122,345,59,26486,16,933,13,14,278,11,61
147,0,17,63,35,63,122,0,0,22,10
470,141,60,10829,749,1067,0,0,0,529,556
28,0,9,968,11,16,69,0,0,89,23
102,191,226,2101,235,358,18,4,16,38,139
24,0,1,0,22,108,105,1,308,273,0
122,112,48,295,35,45,18,0,0,2,5
37,20,209,587,447,461,20,51,83,12,289
397,545,72,1517,58,231,111,6,73,266,31
36,0,8,10,57,71,80,3,0,4,9
78,50,12,232,8,16,3,2,3,49,1
59,87,23,66,334,362,7,22,24,12,27
22,29,9,34,0,0,0,0,0,6,0
36,80,77,331,70,279,15,15,23,2,33
2,2,3,3,0,0,0,0,0,2,0
103,50,124,834,0,0,596,0,0,649,0
163,0,20,801,28,47,39,2,10,23,11
615,446,213,4738,517,544,84,29,150,146,254
139,0,15,961,49,51,4,0,0,34,8
46,202,6,53,49,47,57,1,2,29,5
7,32,1,0,2,1,1,4,10,0,0
1517,1545,24,1544,16,9,1,0,0,41,6
91,41,4,183,0,0,108,0,0,17,1
1,5,8,9,3,3,2,0,0,2,0
64,10,30,131,31,35,2096,0,0,23,1
56,0,18,453,8,4,63,0,0,64,4
277,236,41,1975,159,124,9,12,89,22,49
1302,1932,157,1499,5,23,1107,0,0,1711,6
507,721,196,667,0,0,606,0,0,1155,3
264,261,51,382,322,301,40,12,57,14,94
302,342,11,225,176,184,10,0,0,5,21
194,230,6,864,18,29,140,0,0,108,5
112,402,6,53,0,0,0,0,0,9,1
93,71,6,219,3,1,13,0,0,18,3
17,14,6,50,0,0,8,0,0,11,0
16,1,1,0,0,0,195,0,0,19,0
128,209,67,706,14,39,6,0,0,43,16
71,9,98,333,201,195,206,28,44,10,97
7,33,3,14,6,3,0,1,2,2,3
296,134,101,1664,448,887,4874,486,485,986,97
6,32,18,7,0,0,0,0,0,2,0
179,54,68,1188,426,429,26,10,110,14,196
13,8,9,52,2,1,8,2,1,29,0
566,562,171,846,35,58,33,0,0,86,7
548,563,79,1693,53,45,32,0,0,43,22
186,351,15,205,15,10,4,1,3,8,8
279,0,14,832,103,141,5,0,0,18,80
38,11,77,54,0,0,356,0,0,386,0
21,91,2,1,0,0,73,0,0,1,0
23,28,104,365,3,18,3,0,0,228,4
44,109,13,45,76,56,22,0,0,3,9
251,443,5,25,18,21,323,4,32,5,3
809,823,60,1011,262,308,270,29,203,129,51
15,0,50,50,83,54,11,217,123,48,16
75,483,73,124,171,128,73,16,17,7,23
1087,1201,32,1441,100,131,50,3,96,41,55
51,81,54,131,81,46,6,4,5,3,20
86,149,27,55,33,20,0,1,2,1,1
468,770,234,1207,112,126,49,35,55,51,46
22,10,2,1,19,88,6,12,17,48,1
80,163,151,197,239,190,3,9,27,11,79
9,14,6,5,19,20,2,3,7,1,0
122,326,74,321,168,126,194,0,0,113,4
1093,1090,30,2169,325,413,446,0,0,317,85
102,294,18,45,3,0,30,1,0,4,1
85,81,26,176,26,24,68,0,0,19,5
615,739,188,1552,63,76,23,1,0,153,26
234,256,78,430,1,0,1539,0,0,557,2
516,915,32,583,34,36,24,0,0,44,30
6,0,14,12,46,30,2,1,4,3,1
3,3,1,0,10,5,0,0,0,2,0
79,106,57,492,0,0,78,0,0,94,1
67,22,4,49,2,2,0,0,0,4,2
4,3,3,3,7,6,1,0,0,1,0
2,3,6,8,1,1,0,0,0,1,0
84,145,4,98,3,14,3,1,2,51,1
818,2,261,3704,8,8,0,3,19,0,1
135,213,18,89,79,90,1,0,0,6,11
53,0,123,32,0,0,591,0,0,204,0
74,124,6,34,94,184,957,16,27,11,29
134,147,23,199,37,49,143,5,3,3,11
18,36,3,6,2,1,11,0,0,1,0
6,3,3,40,0,0,0,0,0,3,0
63,9,5,189,0,0,4,0,0,14,0
157,115,145,4273,442,810,67,51,1052,231,137
821,878,46,369,44,126,1066,13,80,125,5
53,13,129,543,2,2,479,2,13,395,0
52,78,8,60,23,20,18,0,0,20,4
429,498,56,228,14,11,1237,0,0,256,5
120,148,26,684,150,239,14,9,60,44,43
191,327,6,12,1,1,213,6,15,1,0
41,42,3,10,40,37,0,0,0,1,10
25,332,18,34,8,5,24,17,23,5,2
108,689,22,22,5,1,2,0,0,3,0
111,259,69,444,157,259,158,10,9,92,21
2214,2194,235,54601,396,675,1444,3,116,1946,895
143,142,44,579,188,323,88,25,98,71,127
341,229,138,3312,229,245,57,5,28,61,294
38,74,92,1221,64,59,38,0,0,8,46
14,21,6,13,3,3,2,0,0,1,0
30,101,35,123,33,32,29,15,9,0,4
259,532,70,1291,4,5,23,1,7,66,31
452,398,131,2749,168,181,69,6,48,30,66
7,5,17,100,0,0,6,2,15,51,0
243,1184,80,136,199,130,2,9,7,5,27
37,62,5,161,6,9,2,0,0,21,3
14,236,6,7,8,4,10,2,2,5,0
190,324,93,370,0,0,75,0,0,129,1
22,45,7,131,58,48,2,1,2,18,7
685,739,132,4398,488,679,64,2,4,51,157
57,19,3,48,0,0,1,0,0,9,0
1,0,107,115,0,0,84,1,0,131,0
106,0,41,129,3,2,68,5,4,29,0
23,21,142,382,16,13,2,2,1,2,7
232,0,10,223,49,85,21,1,2,13,8
59,49,63,322,0,0,175,0,0,213,1
47,149,6,12,27,28,15,0,0,3,0
165,343,16,67,103,156,486,28,41,86,19
277,349,21,88,326,671,492,59,56,74,79
21,0,2,0,97,143,113,4,0,5,5
30,22,21,275,11,3,8,0,0,75,1
123,466,33,233,57,89,19,9,33,19,19
4,0,3,2,0,0,0,0,0,0,0
29,33,7,22,0,0,1,1,0,6,0
34,36,74,435,0,0,101,26,52,564,1
1,8,6,0,50,2,58,0,0,15,0
334,77,24,735,67,151,9,1,2,11,5
10,8,2,27,2,2,2,0,0,3,0
804,84,17,736,222,390,59,3,93,7,14
1177,2660,8,252,2,1,0,1,0,11,0
1012,1798,20,2326,34,75,4977,47,81,180,56
2379,783,38,6929,81,466,9,1,3,95,30
51,70,16,59,34,29,8,0,0,6,0
124,143,31,109,1,1,240,0,0,72,2
27,136,40,72,336,573,237,20,11,7,32
1,0,50,44,0,0,0,0,0,293,0
2,0,2,12,5,9,0,0,0,1,2
9,28,15,16,208,304,0,0,0,216,208
78,28,28,340,4,7,0,0,0,7,13
4,3,76,6,1,5,25,3,0,54,0
1,0,1,0,5,3,2,1,0,2,0
32,108,7,44,5,6,9,0,0,10,7
5,0,2,1,0,0,0,0,0,1,0
2,7,3,5,0,0,0,0,0,1,0
71,19,12,201,0,0,0,2,11,18,5
12,63,18,19,12,2,10,5,1,3,1
99,246,10,26,59,245,98,1,0,14,17
24,22,33,329,3,2,5,0,0,89,2
27,208,60,83,125,31,2,1,0,18,20
341,1547,12,59,3,7,20,0,0,3,0
20,20,74,108,17,13,3,16,12,2,2
1,0,1,0,0,0,0,0,0,0,0
2,0,17,127,12,26,2,0,0,9,5
289,734,17,66,193,229,36,18,100,2,38
13,3,30,5,0,0,0,0,0,6,1
68,203,6,184,0,0,106,0,0,33,0
3,6,1,0,1,1,8,0,0,1,1
16,37,5,2,131,157,16,5,12,1,16
43,47,6,126,2,2,2,0,0,7,1
24,0,7,27,38,16,3,3,9,2,4
48,27,229,945,180,256,14,8,27,37,40
325,1861,31,185,10,5,9,1,0,36,5
3,1,17,78,0,0,84,0,0,77,0
4,0,7,13,0,0,0,0,0,1,0
7,1,26,112,0,0,57,0,0,92,0
1089,891,58,4855,404,651,7,1,48,57,264
109,300,240,527,0,0,1,8,8,180,1
59,147,9,12,85,182,3,0,0,2,6
2,0,2,3,0,0,2,0,0,2,0
233,920,239,140,0,0,580,0,0,395,0
157,101,12,229,0,0,119,0,0,74,0
242,278,17,370,69,121,1,4,69,62,9
14,5,8,54,4,4,18,0,0,64,4
23,0,11,164,227,430,27,6,9,23,9
173,172,14,188,87,124,90,11,55,15,51
120,0,106,351,8,24,89,3,8,41,6
67,74,12,177,88,137,1,1,0,57,5
26,35,11,121,0,0,816,0,0,190,0
273,273,5,213,3,2,489,0,0,17,2
4,0,197,83,0,0,109,0,0,152,0
89,107,11,163,6,11,7,0,0,75,2
14,31,2,40,0,0,14,0,0,27,0
50,55,79,613,48,56,20,3,14,3,49
9,0,4,22,0,0,313,0,0,417,0
16,14,34,168,35,80,0,0,0,6,22
170,323,153,655,0,0,32,0,0,534,2
70,0,72,406,0,0,594,1,0,378,0
179,314,1,0,1,10,2039,0,0,5,0
59,116,3,5,18,22,3,1,0,4,6
108,0,22,117,4,5,23,0,0,62,1
13,27,6,16,33,21,9,2,4,1,3
1,0,2,0,6,0,0,0,0,1,0
4,9,5,6,1,1,1,0,0,1,0
6,0,329,331,0,0,3,0,0,263,1
2733,96,19,1066,139,2169,44,0,0,53,8
141,248,22,126,139,141,441,6,3,37,7
1,7,5,20,5,1,0,0,0,8,0
198,227,74,1052,211,269,182,41,196,48,129
333,416,36,419,124,2580,241,31,171,383,95
155,263,62,259,30,36,8,1,1,2,2
5,14,34,101,19,20,4,0,0,3,10
11,12,4,14,0,0,0,0,0,4,0
1061,1062,125,2257,628,1154,4,1,6,68,166
317,253,35,306,1,7,4580,3,0,350,0
272,169,2,7,100,122,6,0,0,4,23
58,87,144,248,85,58,153,0,0,200,3
1649,2015,17,193,28,71,67,25,265,59,3
11,69,304,38,1,0,2,0,0,23,0
392,184,30,4208,99,113,8,9,7,48,223
6,0,54,53,0,0,0,0,0,23,0
2202,1952,257,8213,300,1081,1971,10,28,2872,142
8,0,12,87,24,17,1,0,0,20,4
49,45,33,120,2,2,7,0,0,63,1
57,0,9,40,0,0,0,0,0,2,0
8,11,17,24,7,2,35,0,0,7,5
30,255,17,30,0,0,6,0,0,2,1
3,16,2,0,43,48,4,0,0,2,0
31,64,24,30,95,7,0,0,0,14,2
536,634,25,309,72,397,2907,7,44,135,57
115,187,30,199,39,23,79,2,1,25,4
16,84,9,19,1,0,2,1,0,1,1
21,37,4,27,0,0,216,0,0,2,0
26,15,25,178,0,0,848,0,0,182,0
6,0,1,0,0,0,581,0,0,5,0
31,9,20,153,1,1,52,0,0,122,1
9,3,18,57,1,3,8,0,0,30,0
30,99,17,81,5,8,26,5,14,1,4
1737,1424,169,1155,359,369,518,76,115,195,243
18,20,22,107,12,17,0,3,12,0,2
4,12,18,1,13,7,2,7,0,2,0
65,231,316,924,0,0,15,0,0,445,1
25,103,11,28,75,54,9,1,5,1,10
63,45,239,1151,0,0,1661,2,0,2827,1
365,568,468,903,2,2,103,0,0,1308,3
6,211,133,11,2,0,66,0,0,5,0
13,42,12,41,4,2,2,0,0,2,0
185,148,33,1297,77,83,9,0,0,12,57
733,713,27,341,22,23,248,5,15,26,9
616,1087,51,632,121,218,123,3,10,13,14
61,74,192,1255,0,0,2508,183,1047,518,0
602,1418,51,451,165,297,2625,96,162,617,241
116,127,126,855,45,49,16,3,7,3,34
6,0,3,0,0,0,565,3,0,6,0
17,51,23,17,22,13,3,9,5,2,9
76,156,31,230,0,0,73,0,0,59,0
12,189,10,5,12,2,45,3,0,1,0
17,41,25,86,9,5,11,2,1,5,1
2,2,4,5,9,2,1,0,0,1,2
277,215,211,2748,445,490,10,19,227,19,148
31,61,21,25,397,167,0,0,0,142,397
17,86,4,17,23,21,4,1,3,1,0
51,0,54,381,14,18,145,2,0,67,6
50,50,6,41,0,0,642,0,0,31,0
19,17,46,139,54,46,2,0,0,10,107
160,0,31,305,0,0,188,0,0,63,1
28,77,2,5,1,0,0,0,0,1,0
254,29,94,2270,25,26,16,0,0,135,4
3,0,25,30,0,0,1,0,0,3,0
2,0,27,28,0,0,0,0,0,4,0
841,1601,7,71,81,18,32,6,37,27,39
5,0,504,58,0,0,0,0,0,115,1
26,29,47,220,57,54,17,1,3,6,22
96,366,506,545,6,1,10,0,0,757,2
543,942,97,732,262,495,386,41,83,253,27
16,19,6,10,29,33,1,0,0,1,1
340,466,301,2064,0,0,3750,0,0,4384,3
29,0,52,99,74,73,24,0,0,20,7
55,49,139,440,0,0,1,0,0,134,0
401,435,30,429,206,325,93,18,2,111,46
111,216,4,104,16,27,127,0,0,27,4
142,390,85,393,3,2,109,0,0,201,0
8,12,1,0,1,0,220,0,0,23,0
964,959,70,1825,332,293,24,4,7,59,107
329,634,271,1667,0,0,1042,46,62,3019,1
25,39,23,145,26,43,6,7,33,1,9
174,291,2,46,16,113,200,7,54,51,2
1421,1400,53,1425,161,269,27,10,43,22,77
256,404,116,744,3,3,710,0,0,1153,2
911,0,12,374,39,33,58,5,68,22,19
411,241,47,3250,568,979,167,15,294,168,333
17,0,11,37,0,0,40,8,20,18,4
18,12,74,642,0,0,25,0,0,577,4
814,751,52,841,195,375,101,25,35,124,94
73,69,13,57,8,12,49,0,0,4,3
62,67,7,45,46,42,3,0,0,2,7
15,126,6,0,13,20,5,0,0,1,1
373,450,84,1639,86,342,1166,6,11,796,44
338,1100,44,360,6,47,4,0,0,99,7
28,67,34,215,47,171,95,8,16,64,6
650,1195,33,137,5,0,2329,0,0,545,1
37,0,12,34,72,59,5,3,24,3,5
292,364,29,1408,74,73,239,7,83,79,63
314,0,14,179,0,0,1152,0,0,119,8
215,161,186,1527,294,607,23,42,309,25,254
264,0,413,735,1,0,931,0,0,1595,6
6,10,16,81,0,0,0,0,0,92,0
44,123,9,16,41,25,0,2,0,2,1
4,1,71,1,1,0,0,0,0,1,1
6,70,1,0,66,79,0,0,0,1,5
1051,1038,16,389,254,288,327,8,6,73,69
2,5,11,3,0,0,0,0,0,1,0
183,220,94,463,77,72,427,1,0,74,110
44,28,25,161,0,0,8,0,0,20,2
83,224,290,644,165,196,44,65,109,17,119
6,5,9,19,1,1,0,0,0,1,1
98,274,34,543,3,16,498,1,0,347,1
135,173,35,262,90,141,0,3,1,3,36
10,36,1,0,0,0,233,0,0,0,0
297,314,26,544,0,0,1180,0,0,358,1
1186,1516,33,636,242,230,58,0,0,12,77
284,201,33,163,25,23,44,0,0,15,0
403,1180,5,103,0,0,0,0,0,10,6
27,47,32,177,0,0,1,0,0,105,4
114,134,12,35,252,538,100,7,28,49,40
2,3,1,0,2,13,0,0,0,3,0
532,547,129,2535,459,440,91,26,215,95,196
1,24,1,0,2,0,111,0,0,20,0
4,15,5,5,1,0,0,0,0,1,0
2321,2207,125,11008,335,374,16,2,54,113,171
2,3,54,104,0,0,146,0,0,395,0
308,396,10,38,23,3,30,0,0,28,0
744,925,27,59,72,51,39,5,6,1,1
150,379,12,36,44,24,4,31,88,4,4
121,252,65,522,18,17,19,6,13,7,7
39,158,36,33,1,1,0,0,0,9,2
91,70,11,210,9,10,12,8,31,52,6
34,164,14,39,247,339,66,23,24,5,46
50,10,16,21,0,0,1446,0,0,101,0
2536,2534,107,15514,833,1396,904,23,713,1391,793
809,1686,44,661,128,306,969,35,85,107,18
324,0,39,217,58,52,159,86,104,26,40
34,163,92,22,203,106,4,52,50,6,23
609,1117,88,176,142,171,87,16,26,17,12
4,0,1,0,6,9,212,0,0,113,0
11,0,46,10,0,0,372,0,0,305,0
117,123,8,120,91,119,1,0,0,10,16
125,252,63,118,200,221,103,4,0,7,10
92,0,1,0,0,0,212,0,0,2,0
20,33,68,77,24,7,7,0,0,1,4
88,156,16,245,5,4,32,1,3,34,7
39,45,22,114,2,5,30,0,0,15,0
221,474,236,207,0,0,65,0,0,270,0
8,18,27,1,0,0,0,76,41,8,0
56,54,13,275,32,36,5,0,0,5,16
7,9,12,2,75,63,1,0,0,2,5
11,0,20,174,44,71,8,4,2,11,10
466,709,30,87,0,0,3195,0,0,195,0
79,0,82,321,0,0,676,0,0,571,0
33,0,37,61,91,41,25,0,0,27,4
3,1,8,1,5,2,3,0,0,3,1
15,15,3,10,2,5,3,0,0,2,0
473,758,17,69,7,19,0,0,0,3,0
175,172,17,515,20,17,9,0,0,32,13
84,97,112,576,134,119,30,8,28,15,37
732,705,128,1732,52,47,534,27,67,697,23
5,11,9,122,0,0,5,2,0,94,0
69,65,257,941,0,0,19,0,0,846,0
35,11,6,17,1,1,30,0,0,6,1
182,320,125,160,0,0,583,0,0,251,5
50,36,12,122,1,1,11,0,0,1,1
222,384,130,413,0,0,1,0,0,322,2
6,19,38,52,0,0,70,0,0,80,0
14,11,1,0,0,0,222,0,0,2,0
66,0,34,542,9,49,1024,0,0,242,9
749,1086,104,1301,6,10,10596,0,0,702,4
12,28,60,19,59,23,0,0,0,3,1
202,162,18,361,0,0,65,0,0,109,2
51,5,42,147,3,3,833,0,0,122,3
38,123,20,28,0,0,61,0,0,108,0
544,940,14,940,16,13,8,2,84,33,20
4,3,103,172,0,0,0,0,0,160,0
246,120,245,4892,614,788,48,64,213,109,1117
12,22,10,39,5,16,3,0,0,2,1
3,0,2,0,4,7,0,0,0,1,0
401,511,11,109,49,79,702,2,6,99,11
1,0,9,6,0,0,9,0,0,12,0
24,28,85,494,0,0,4,0,0,101,0
26,19,21,215,0,0,212,0,0,97,0
178,258,69,730,11,19,889,0,0,564,2
1171,1504,259,12204,23,248,2113,8,28,1875,121
65,166,2,2,0,0,30,0,0,3,0
14,23,4,32,17,27,2,0,0,6,8
124,96,17,24,119,293,2202,56,127,121,77
1064,1782,2,19,0,0,2261,0,0,5,0
9,74,1,0,8,9,392,1,0,8,0
5,33,2,0,52,16,0,0,0,1,0
1,0,1,0,0,0,0,0,0,0,0
7,14,2,13,0,0,1,0,0,1,0
214,707,1,0,25,21,116,13,16,5,2
1448,0,29,2187,223,311,527,7,43,287,218
12,5,80,2359,198,654,78,0,0,474,77
1950,3411,72,5751,114,396,20,3,73,900,56
144,253,21,101,168,155,88,18,19,5,47
57,310,28,32,191,104,71,18,12,3,27
164,94,42,147,0,0,111,0,0,85,0
1,33,27,6,5,0,5,1,0,1,0
2,0,6,1,4,3,4,0,0,2,0
6,0,6,20,0,0,59,0,0,14,1
291,371,92,263,2,7,202,0,0,145,2
139,108,49,891,16,156,1149,0,0,2174,17
269,647,114,2562,127,87,26,19,173,42,70
4,0,3,1,0,0,2,0,0,1,0
82,52,51,244,183,169,43,0,0,12,54
559,457,95,6088,56,145,3,0,0,461,32
1,0,131,2,16,0,0,3,0,0,16
41,33,30,325,4,10,63,0,0,74,3
87,349,15,69,0,0,18,0,0,19,0
89,48,34,255,5,5,6,0,0,20,1
65,94,43,590,109,133,3,15,71,43,54
182,423,5,10,65,54,65,0,0,1,4
75,59,10,330,56,51,0,3,29,4,6
36,19,10,35,0,0,350,0,0,62,1
45,112,8,37,4,1,0,0,0,4,0
43,0,4,38,3,7,8,0,0,8,1
2,1,6,13,3,1,0,0,0,5,0
38,45,42,180,115,152,124,34,45,26,20
3353,3166,180,42439,390,1145,16,17,639,1358,1065
559,517,104,1287,196,253,18,5,31,10,36
4,0,23,138,0,0,25,0,0,93,0
34,80,3,6,7,5,144,3,1,0,2
202,1903,38,37,31,18,23,9,19,3,0
351,839,36,217,53,44,39,14,47,21,8
1483,1388,462,16775,661,1532,209,42,439,158,794
336,343,86,1076,157,153,37,19,81,29,52
2344,2297,130,5795,439,1103,408,37,436,354,807
732,6,16,968,13,134,1,4,176,88,113
52,65,4,2,1,1,117,0,0,2,0
110,183,30,102,23,21,69,0,0,20,5
162,126,105,257,32,202,0,0,0,267,32
367,0,38,558,464,1057,1137,68,141,101,290
485,585,73,296,89,136,357,55,75,82,17
729,1218,10,141,108,168,75,1,13,6,16
10,26,13,63,6,10,9,4,1,8,0
183,247,127,1281,171,124,51,16,98,31,48
86,78,275,3992,524,746,156,39,329,71,489
452,694,75,559,1,1,2049,0,0,581,2
1,0,1,0,35,56,0,6,3,1,13
96,0,13,101,63,70,1,16,97,18,2
107,183,42,115,43,48,22,12,112,3,13
114,142,5,11,21,15,132,1,2,3,3
19,36,11,40,30,13,29,0,0,1,1
99,112,18,451,0,0,459,0,0,393,1
885,4,41,10423,0,0,0,0,0,1627,36
251,245,59,1464,149,204,2,18,154,32,57
10,0,59,203,0,0,1,0,0,20,1
376,355,163,1450,11,38,5481,4,12,3164,3
18,40,3,6,25,9,4,0,0,3,3
9,20,7,14,8,1,3,0,0,1,0
45,13,44,94,0,0,245,0,0,55,0
48,307,4,6,13,30,267,2,2,9,1
187,76,49,1692,209,556,2069,63,287,550,119
68,107,76,476,46,32,8,9,34,6,27
26,40,9,230,9,10,25,0,0,8,2
162,351,165,2337,25,244,7021,3,0,10130,27
67,0,2,1,0,0,298,0,0,7,0
289,284,32,78,122,147,593,61,41,33,63
106,178,17,529,15,21,1773,0,0,506,8
48,0,2,27,0,0,20,0,0,7,0
100,152,98,281,10,39,3,188,165,245,3
199,346,311,1220,7,4,17,0,0,797,0
100,251,47,398,20,20,18,0,0,44,6
12,0,7,34,49,9,114,2,0,72,1
438,252,133,1958,0,0,6211,0,0,2798,3
502,1043,5,76,0,0,0,0,0,16,0
692,699,1,0,3,12,91,0,0,0,0
495,662,320,1487,9,16,1306,2,0,2792,6
317,303,17,310,26,16,12,0,0,11,6
358,0,23,223,0,0,678,0,0,255,1
84,197,1,0,6,19,95,0,0,3,0
862,847,1,0,4,19,189,0,0,0,0
247,73,30,1195,50,247,44,8,173,353,27
43,99,2,6,0,0,0,0,0,0,0
26,50,30,27,27,20,120,3,0,7,7
97,326,121,243,139,319,22,4,1,55,8
127,107,3,21,0,0,587,0,0,42,0
8,25,9,21,13,5,0,0,0,4,0
648,644,21,409,90,111,10,1,21,9,8
6,26,8,9,4,1,0,0,0,3,1
35,0,3,65,0,0,503,0,0,59,0
54,0,14,577,28,24,3,0,0,6,23
5,6,137,177,0,0,0,0,0,19,0
387,953,2,6,1,2,158,0,0,4,0
176,229,354,1034,2,6,773,0,0,1643,12
